"92","483","163","2020-06-06 00:09:40","Security this executive her white if agreement treat shoulder father around during far teacher than amount deal baby certain do great which become","303"
"264","279","146","2001-05-10 12:40:42","Others staff walk paper identify citizen wide plan character third office should remain candidate clearly start choice drug meeting never under","89"
"47","128","206","2004-01-01 06:12:19","Particularly stuff minute sport protect sea population per create general step debate professional culture represent course position","130"
"88","262","7","2017-03-19 18:29:33","Material green own check often remember whether scientist include they seat fly music enough who marriage machine seem unit fine study blue","16"
"249","216","88","1994-03-01 04:21:38","Camera cover hit fire camera me western travel building else someone with entire","185"
"326","344","50","2006-04-28 08:57:34","Standard give main citizen back eight young and song within form both maybe vote stock bed tough join","227"
"381","130","285","1999-01-30 16:53:51","Nearly recognize tell cover factor writer like model increase left parent manager continue maintain hear occur one area movie cover family painting prove surface fast","495"
"345","403","212","2003-06-13 14:51:27","Possible finish woman sister they soon either from she resource low every cultural oil central them military hour kid often risk pick sense wall option","238"
"196","365","211","1988-02-03 12:58:32","Significant research thousand condition capital smile get line discuss everyone this military cell join somebody property value discover industry point pay glass we student management","71"
"313","303","259","1995-01-04 03:01:37","Measure president source act individual protect care maybe player series door kind week","298"
"362","460","114","1993-10-30 17:43:15","Just right power environment song second time economic south eye defense medical sport west eight involve kid Congress no safe institution most production","327"
"50","41","225","2000-12-22 08:02:39","Dinner big southern dog physical trip develop knowledge maintain low table shake else table class market experience message quickly cover political both leave simple eye other","366"
"332","96","187","1975-03-02 10:46:58","Face mean late leave huge whatever us southern none drug expert benefit worker despite scientist Mr research fact trial","381"
"211","196","6","1990-12-29 09:39:56","Per address administration him physical little certain read nation something career site summer before specific whom dinner through put","98"
"450","271","147","2015-10-04 22:09:13","Two social prevent together just car program feel international agreement issue close","497"
"262","310","148","2009-12-13 05:42:22","Short enough suggest notice as work hold minute listen clearly tough century mission collection energy thus worker","61"
"208","283","96","2006-12-15 05:31:59","Perform job term term scene cause give I story type fast kind young skill front both financial anything production close name clear protect word pattern","159"
"45","413","262","1982-12-07 20:14:31","Window can arrive maybe way oil believe on inside cut study after school teach management debate impact yourself animal understand month support two black face around value","28"
"284","447","62","2013-11-19 14:07:42","Figure defense both we notice manage hand system operation stop development public soon","185"
"42","365","141","1997-01-01 23:08:06","Total require culture computer exactly pressure style step send prevent fall everybody development without chair response","64"
"265","161","171","2021-03-24 22:18:00","Each address during go nice knowledge own travel away human machine art effect table","307"
"320","78","111","1971-12-29 14:48:12","Next coach baby throw section lay message offer project late theory stand financial region side only way from western until","423"
"445","362","196","1993-12-25 04:12:21","Return almost south environmental beat college hair behavior energy would raise of","494"
"354","466","277","1997-11-12 19:03:26","Scientist occur why writer employee large international body hot success feeling he sister lose industry","477"
"109","386","219","2020-10-11 02:28:57","Room partner account ago amount foot whose between edge east have executive sometimes process discuss coach walk hold treat","265"
"450","89","148","2015-12-05 12:53:34","Fly build key top hit federal source change day meet around he computer cell front break somebody huge standard","149"
"253","172","218","2003-10-20 18:31:23","Since radio two east economic law every thank else fund entire military so husband help memory close when home","162"
"475","62","16","2004-11-25 03:46:45","Certainly system point general research performance century small board bill face piece gun move put left mind think style ability toward true avoid","288"
"454","181","212","2002-05-27 18:03:25","Natural phone simple read become view indicate middle exactly media east house benefit quickly use board language road chance sound however ball loss new wear win partner","148"
"358","333","61","1970-10-09 19:02:36","Adult find section card detail power yeah end paper individual decision quickly even","496"
"456","476","124","1970-10-07 20:10:11","Growth minute opportunity claim teacher over Mr yet position trip tonight main throw treatment how region last since from he go follow body customer notice","237"
"359","279","294","2003-09-13 07:06:06","American itself say community movement international hot make but change main affect help hospital world cultural whom people low center ball your you about","148"
"183","189","225","1988-05-31 08:46:16","News against wall develop medical book evidence student easy ten brother various effect over thing for hit medical remember fish spring room less condition should road","307"
"253","319","47","1993-12-06 01:16:17","Throughout why set on nation indicate care process agent strong figure indicate name guess pay board again check scene source","312"
"148","54","121","1979-09-25 00:26:56","Many produce generation during century two a lose international fire kitchen never","397"
"290","213","298","1982-10-28 17:08:46","Step voice picture scene difficult soldier pick already administration even decision officer rich first really look body your organization window medical level across general","94"
"287","498","59","1987-10-16 23:26:24","May than model be talk history now life now figure traditional partner source investment","205"
"2","498","35","2018-10-08 02:12:47","Check young project popular plant wide future most exactly avoid west article team rate item debate summer degree","18"
"151","125","284","1996-09-29 04:09:21","Baby reality start over treatment religious perform relationship coach process building company rich window result","109"
"342","154","52","1992-10-08 23:06:32","Senior thus event strong from including five save soon rule reduce experience family","82"
"358","474","298","2021-11-04 21:02:19","Executive fish lay the son line eat necessary at church kind establish point weight could without","154"
"295","330","251","1995-03-05 06:44:19","Return fight paper tell water Mr college pass official speech single second","149"
"140","19","55","2008-11-08 01:19:45","My quite southern money understand term dream girl member why camera on thought song war book yes student might letter you","333"
"368","420","281","1989-04-01 07:51:27","Thought manager big amount cup word box phone figure serious game current account ago particularly paper goal coach teach wear raise less friend year capital lead","38"
"75","481","75","2012-03-01 12:02:14","It court wind common hotel seek contain time good indicate politics amount lot while tax herself indeed","368"
"356","55","234","2013-04-10 21:41:09","Mention teach exist half save less enjoy huge cause total coach such any behavior","345"
"315","295","39","1972-02-10 12:31:09","Clearly election difficult not want when interest beautiful table manage imagine factor civil she stand action least ground","126"
"0","89","101","2001-08-15 19:27:27","Professor morning animal window edge campaign commercial more official despite campaign collection about Mrs peace somebody party tend try","408"
"480","488","51","2000-04-12 23:19:24","Class per account recently side apply special long feeling network others health two town imagine charge argue religious music lead remain strong sound","404"
"230","299","261","1997-02-24 12:12:56","Know above good history step property develop sing story yeah deal director must seven ground want point them cover","20"
"445","138","196","1993-10-17 18:05:17","Husband company tax age source major focus least participant security down trial understand seat medical perform","228"
"133","57","191","2015-02-16 02:19:15","My water wonder together network tough example throw operation production similar standard show there message information growth push anyone late wall despite support which","285"
"110","87","28","1997-04-13 23:50:51","Follow lawyer home interview quite head federal hotel hundred why Congress son become sister then forget where effort provide","59"
"122","280","164","2001-02-02 15:32:12","Late war possible make structure assume soldier member official individual cultural it help car size we","29"
"442","345","134","1983-05-03 01:41:50","Back dark star because note difference family point clearly couple upon past series break world blood west","277"
"274","464","183","1971-10-01 01:47:50","Painting claim save series charge gun local although skin front only accept","381"
"274","222","165","1973-06-04 18:02:15","Young season wind force view young ok establish result rule agent person outside amount measure program film","435"
"317","69","182","1989-05-27 12:24:35","Run approach week get culture knowledge gas discover pattern sell south production too this player authority avoid","329"
"326","478","139","1980-09-15 16:15:58","Seat great financial likely hundred very plant record thought beat industry performance least others picture their event full job decision lay second become often","125"
"28","79","111","1973-02-26 20:51:05","Identify office total need already table above sign term while agent senior religious region relate possible determine decision third important particularly century different simply","465"
"328","278","116","2012-12-26 20:45:48","Vote everyone author compare so learn every security themselves people trade serve pay level such next draw money pick among treatment budget military into","246"
"405","440","87","1994-08-23 18:47:05","Crime true couple million court street east truth news turn avoid different girl later surface shoulder foreign financial table might","458"
"148","144","263","1986-04-30 13:54:31","Nearly finish hour work stand war yeah shake catch leave American instead not ahead value on positive","176"
"413","435","75","1996-09-29 04:36:11","Grow president deep not character would foot spring rate explain traditional apply minute southern include speech move prevent strategy only","352"
"391","159","249","2020-06-29 01:47:01","Respond some player government daughter hospital offer usually series visit career performance nation raise scene film agency series rest story alone south various interview return result","424"
"182","365","62","1979-05-25 17:21:38","Certain system career reduce measure rather campaign attention anyone raise simple recently with movement imagine must opportunity off service wrong work your finally member choice cup happen","143"
"8","0","66","2012-01-25 20:14:59","Forget energy friend appear figure listen newspaper very team check could outside group conference world few worker me more he standard protect pattern worker today industry","2"
"273","350","31","2015-05-28 16:12:51","Energy candidate office young so when grow join suddenly people life final food chance pay several politics last sit line charge test back next standard job","145"
"42","185","6","1972-02-14 21:20:51","Yard hot stop move foot child wait city institution picture from plant to movie really hour summer building yeah foreign daughter truth fact heavy try yeah idea once","430"
"20","162","125","1971-05-11 13:13:17","Possible drug population party sense down company hour impact learn rest threat realize color development sometimes drug middle say this","48"
"345","71","275","1986-06-03 21:23:01","Situation affect home blood animal despite voice even moment drop trouble certainly laugh behavior customer see movie evidence or where situation professor indicate feeling continue campaign","289"
"225","441","170","1976-09-23 01:42:23","Off serve difficult throughout answer approach write look marriage choice believe base skin light nothing police professor","291"
"357","64","270","1986-06-20 23:05:26","State power rise fear different travel pattern whole crime involve participant himself large change floor provide a position main recent","155"
"197","205","287","1977-12-24 01:41:39","Draw house degree race federal try room different standard certainly report campaign product music cup responsibility couple paper prove season our full example much word beyond risk spend","124"
"86","244","239","1993-02-06 22:19:41","Participant investment near economic return perform point color challenge traditional company nor skin without paper current oil determine position","273"
"214","13","18","1995-12-09 10:11:21","Manager task rather establish hear medical teacher brother business decide town later upon exist food increase","469"
"315","39","282","2019-07-17 02:45:11","Detail center national speech single compare authority cup threat structure able game star others hold himself heart major direction usually statement light generation recent","239"
"218","91","234","1981-03-10 14:25:44","Option north morning arm identify article defense news walk if coach history think especially color myself hotel same likely mother economy","138"
"32","434","36","1979-03-28 07:05:13","Common investment mind today market executive chance build argue break involve who both government different customer we place cold assume bank care issue reason probably hair","481"
"111","417","10","1978-06-10 06:48:38","Floor only southern today claim than would role bed during change end election decide knowledge vote a next police table near woman few","120"
"419","20","165","1970-01-21 03:00:48","Represent develop style professor president design chair magazine garden former meet morning they white while before specific popular statement second","360"
"369","446","7","1973-12-25 06:55:37","Attack rest sister professional receive car indeed since sister forget yet result sister","86"
"294","203","268","2015-04-13 01:26:53","Measure white occur radio stage available want impact firm kind list concern ago voice assume create conference citizen president pretty born opportunity only option trial open avoid","221"
"43","227","179","2001-03-14 13:30:16","Couple lay collection water others eight TV local unit program four police even effort once","453"
"302","241","79","2021-06-06 23:17:11","Over knowledge live beat mention today speak responsibility consider close summer base company born reach idea memory generation go watch newspaper speak who employee","281"
"155","330","212","2006-11-18 01:28:13","Believe form travel plan suffer somebody something red war surface your member","150"
"329","79","189","1970-03-11 01:15:26","Run ball major officer him trouble author foot pass piece media I","374"
"264","468","84","1992-05-19 00:31:55","Almost read back stand good environment individual between whether my political keep way accept option shoulder almost question usually surface matter center","93"
"418","135","228","2018-02-08 07:20:03","During wall guess together father admit develop industry certainly know else bar world how dark system fast","0"
"251","304","89","1992-11-16 16:36:39","Machine billion own quite bar we speech try police inside attention word prove former organization eat and blood from","87"
"368","175","146","2011-09-11 18:03:28","Prevent difficult until through father article western usually before attention sort look fire go culture necessary hot ask trouble green voice business","432"
"454","44","175","2007-08-17 11:37:46","Author accept standard rule assume item other early personal may hand security who take provide trouble front number summer myself","469"
"444","230","265","1976-05-23 23:28:25","Inside science full name give as cut very wait pay show rather point eat art material political end market total relationship soldier","184"
"288","379","98","1973-03-01 14:32:30","Mean star program it skin whole room window yard share tree skill school wide effort expect west crime usually material environmental","468"
"343","391","84","2021-10-06 15:05:15","Yes keep occur program power sign finally expert according develop attorney TV president institution while nation number part economic treatment church capital","218"
"26","311","32","2005-04-05 14:59:58","Option book half hospital start property choose technology person section less bank place race rise design after someone center career rock","75"
"271","297","82","1999-04-10 03:22:31","Business safe letter anything time remain police unit myself economy eat drug start surface movement paper culture in side cause out out information story attack western","137"
"151","86","94","1992-05-08 12:38:50","Take size thank specific girl run soon positive budget image morning ten dog live however less send yeah door history thank region break ago change task admit","47"
"205","53","294","2017-02-13 12:37:18","Themselves hit quite tonight beautiful amount book campaign inside different treatment lot Mrs write quite lot step may name research player argue","82"
"442","157","294","1974-01-21 17:27:27","Record will stage lose wrong minute personal west beyond prepare professional interview road tell blood successful cultural be each information strategy of","207"
"448","401","165","1976-11-07 20:25:33","Green decide low toward other coach executive different interest short fine better exactly example pattern game blood factor strong number establish likely all although worry station local","126"
"148","16","253","1996-10-06 05:50:32","Ground spend successful system strong practice fear treat health space especially they college foot","245"
"56","246","37","1979-09-15 05:08:29","Buy listen source job career today individual hospital two eye go heavy produce","260"
"412","206","294","1989-09-13 07:57:51","Side clearly future job tell detail report science agency way even impact production return few public where add indicate can manager few exactly term cut campaign maybe","184"
"4","356","127","1977-06-05 02:47:00","Husband four two a memory language into Republican for far force above hit chance technology authority pick girl manage economic million series perform yeah field compare with","227"
"120","281","160","2011-07-28 03:42:07","Effect first state heart series feeling it become system knowledge possible truth stop","473"
"301","336","291","1981-09-26 18:05:52","Baby hundred strong key about part movement far sister recognize whose century part left everything including cost behavior billion allow sound responsibility analysis","9"
"32","94","113","2011-08-04 00:45:45","Fact million occur sell section partner sit bed enjoy we these beat western","226"
"123","378","137","1987-05-12 04:52:41","Consider either part use father resource let find morning per explain media rest meeting sister my rich market arrive authority be less those sea try","460"
"368","193","180","2020-04-28 11:45:50","And thus early mean long very economic chair red authority important reach up","124"
"14","370","239","1979-08-31 15:10:30","Once ability painting event PM cup goal must direction after make ahead do agreement condition address area","268"
"149","290","79","1997-02-23 17:07:12","Trade rest will be color market both receive on follow focus term hold want door side among own might really coach experience walk practice a design","448"
"151","479","280","1996-06-24 01:07:21","They along study community lawyer concern five form nice final claim discussion away side quickly whom hour citizen kid difference view clearly assume include break wind along","419"
"398","203","272","1997-07-09 23:19:34","Beyond from discuss student question computer culture realize everything campaign home next public many learn kid ok late effort food pick white fast","56"
"466","428","242","1974-04-12 22:31:23","Place my see democratic sure only red herself most thought drug us although cell quality agreement full role which establish girl represent technology","413"
"472","497","129","2013-08-02 20:04:10","Other world minute head member want air able effort budget usually parent well five future go clear","295"
"220","388","235","2005-07-09 05:09:34","My ask girl with follow decide federal get outside serious all lead dinner to tell upon baby society move eight finally improve feeling assume","328"
"304","132","298","1992-08-24 17:18:09","Situation edge rather money deal hotel security center attorney everybody become spring","26"
"161","447","8","2020-04-19 08:10:06","Watch performance use away hear magazine wind event performance will city fast lay church exist city work pay back teacher stay play","69"
"82","476","36","1985-08-02 10:49:11","Unit much body quickly clear cause ground spring skill worry task pull require family follow through value radio show back condition opportunity environmental performance why commercial","463"
"434","129","243","1977-07-17 01:42:21","Attention person practice science Republican season star tax official gas which already training son west charge rule might thus either","19"
"159","255","165","1980-12-14 15:22:44","Organization explain shoulder yet some card financial standard eight direction news training ball put physical morning","9"
"453","204","91","1981-06-12 01:54:03","Anything opportunity how light against force live everybody item indeed or reveal ability international them this hotel program without after chance without wait some","453"
"383","37","50","1978-06-07 12:17:36","Country part when many deep someone mouth recognize form practice organization Congress course charge me culture debate once ago half choose note wish most activity pretty rather","165"
"376","489","298","1997-09-19 15:04:51","Ahead pretty have approach start difficult face picture north factor nearly factor under she sea tell poor right every","428"
"424","248","116","2004-03-03 09:47:11","Vote seven however speech civil final Democrat big water trouble federal year month value nor and hundred door see only pressure travel remember serious","159"
"234","42","63","1995-03-27 07:58:34","Trouble mouth indicate blood central someone live watch remember various foot collection","294"
"208","381","53","1973-01-26 05:41:16","Side whom tax role discover health race store daughter do own movie southern later concern deal boy","431"
"337","71","120","1971-03-16 02:35:15","Both degree serve case those lawyer very high black actually campaign situation make","338"
"378","425","232","1973-04-17 12:47:44","Important forget use season action action suggest sit under guess cell must next job second development","282"
"341","361","179","2018-02-18 08:43:01","Environment establish mention black realize themselves weight you I near arm difficult send dog Congress involve very size surface actually build must","449"
"368","398","295","2011-10-08 04:32:48","Industry director research camera able determine else central cold prepare provide modern trouble top article rest partner evidence oil difference station culture anything through tell hot evidence","131"
"296","381","175","1981-03-06 19:06:24","Also eye sound growth audience summer under its pressure test happy early society high than important each sea","23"
"372","193","243","1993-10-12 19:17:21","Might couple live say develop job participant none prove thing significant lead similar finish professor any minute only hand street chance clearly father","287"
"468","410","169","1983-07-10 01:06:01","Condition between loss key same land difference benefit ten me opportunity should even impact thought partner table describe seem have fill stuff","20"
"33","241","104","1979-12-12 00:42:18","Suddenly some oil against consumer run assume move form late space this generation wall gun might war follow white treat particular","497"
"107","180","22","1998-03-26 18:41:44","Respond name blue when magazine mission new care throw listen staff already tell never cause leave same","255"
"481","141","181","2004-08-15 04:34:58","Say boy east organization store treatment throw local possible wall rise almost recently chair add option","95"
"358","326","197","2017-03-16 13:47:18","Oil federal hospital wonder memory scene deep popular pressure catch college worry glass one support music such participant table increase better herself ahead interesting seem child about","97"
"69","178","260","1970-04-28 21:17:35","Candidate growth begin enjoy reflect cup space cost who amount main successful try evening determine pull parent want mother week attack prove address","441"
"355","42","92","1999-08-04 07:11:23","Hotel instead right follow sea consumer stage share degree mind model politics room approach education world treat difference","44"
"1","23","59","1976-11-22 02:25:20","Because able drive now debate argue area rich no interesting amount me full for lawyer believe let by two compare","358"
"497","187","88","1976-03-12 12:27:06","Field present image laugh ten put pass recently fish manage would president yourself strong new process because human person service character significant region response add","172"
"370","439","171","2011-01-24 23:57:48","Especially machine friend feel rest culture wish by green perhaps skill give","415"
"433","317","106","2020-11-11 10:50:08","Experience cost small sister herself find consider staff American support moment cause good left often describe rate off","129"
"214","219","36","1987-05-08 23:25:30","Officer away couple participant morning service significant successful call whose TV movement add around avoid detail","318"
"187","388","7","1993-05-10 17:51:19","Local teacher nature response establish side probably central force reason full result generation country identify police relationship build most exactly","375"
"293","434","130","2009-02-07 22:11:47","Blood tough begin democratic capital economic couple direction picture on family should answer can response address dream apply first three focus choose human medical","207"
"117","70","254","2003-07-23 14:23:24","Debate think leave rock start south guess everything whatever something man suggest local one international ground either understand sing hospital happy phone how rate fight customer early soldier","51"
"393","156","40","1998-08-18 14:13:07","No section anyone voice nothing at use staff machine happy image about success day adult so resource government measure not can capital learn same","241"
"50","265","275","1990-06-23 16:52:43","Add nation believe bag experience more stop fire go all participant easy choose social likely four class what benefit both special yet because more enough","155"
"76","280","202","1990-12-30 10:44:14","Price live stay form world act then recently role simply rule size arrive responsibility fear major","302"
"131","112","1","1986-10-02 22:51:03","New after data onto nature economic wife may industry life effect study carry together fast sound relationship wonder treat space thank","342"
"199","408","228","1999-04-18 13:01:38","Memory debate never language identify role identify common control leader another information trouble if against stop ball than necessary your music want house yes serve","223"
"70","380","131","2021-03-10 03:20:31","Particular range identify wrong size free simple tough cultural decide painting my artist fact think act doctor billion teacher up tell center meeting include yeah reduce","383"
"171","223","194","1981-06-12 16:59:38","Something spring arm bag why happen thus outside something material few including future guy radio analysis","431"
"428","203","35","1972-11-19 05:04:32","Consumer leader collection drive fear kitchen peace moment child father marriage reason money check girl natural establish care","286"
"492","1","8","1971-10-31 23:14:42","Arrive serve difficult clear serious professional amount poor indicate those know still save trip film explain son thing shoulder","375"
"240","216","10","1986-02-21 08:15:01","Including big here play direction upon perform evening imagine responsibility cover pick","65"
"126","126","188","1989-07-20 15:01:28","Visit during read along guy threat spring sense cup four despite beautiful player last huge","251"
"306","334","49","1977-02-11 22:56:34","New police investment news mean many charge alone camera nature young operation establish general Mr simple sign street sister begin","351"
"217","19","87","2011-12-11 12:44:18","Begin administration and third system develop interview simple several require finally five American TV lead themselves","486"
"118","154","214","2000-11-10 06:56:47","Star send call do indicate fight writer prevent letter physical safe attention Mr model field me real box kitchen difficult","24"
"326","389","105","2010-05-26 08:29:22","Staff start think five second pattern part finish little fact whatever similar old artist close hair pass religious almost here well","107"
"49","294","236","1994-12-23 18:05:53","Free yard science later center opportunity level probably establish seat create its","24"
"244","385","160","1981-04-11 00:45:16","Her history couple bar fish upon discover light blue today analysis pay small police news like property quite need produce respond other pull ability along have enter","243"
"472","343","80","1999-12-02 11:12:45","Thank office along itself nation detail customer sure change line sound car down","327"
"35","37","263","2008-09-06 07:44:26","Easy some activity indeed two wife out there service enough position too than green manager series voice individual form military imagine his exactly","246"
"222","107","226","1973-11-26 16:24:11","Admit information member market hope so sell idea head fund nor call look song sing","329"
"147","492","269","2002-03-17 17:01:27","Speech eye hospital deep play true year able more someone growth everyone until according language answer them wear several fire especially ready","297"
"72","372","256","1975-07-25 08:40:02","Artist both price professional today wrong peace second speech write author church reason allow but me group participant position will mind condition former young smile question","240"
"95","75","89","2012-03-13 23:15:16","I top cut past protect which structure entire knowledge forget operation international himself against west","443"
"235","19","279","1985-03-06 19:25:08","Movement president town skin meeting scene chair ready inside media possible dinner service rise wide name continue","434"
"381","460","159","2009-04-20 12:08:12","Evening and control fight down talk society more instead on ago nothing within play","163"
"180","109","34","2014-03-05 17:00:00","His clearly few require news certainly hear partner five fine TV Mr activity until red be interest job evening hear everything call machine","49"
"1","53","286","1987-10-08 09:00:53","Form unit financial attention point market scene to including small call marriage thought should return give ago less lead anyone American surface term everyone kitchen ten activity","427"
"467","200","94","1990-11-20 03:12:49","Military once recognize group case exactly once risk along pick call of recent leave both beautiful son discussion whom truth throw east represent join choice before","252"
"23","174","67","2019-07-11 01:04:17","Tree window network talk floor level I television involve here environmental indeed exactly culture hope prove else response now federal political","369"
"91","92","167","2000-10-01 04:54:09","Tell eye and admit every enough until field analysis director movie water budget available center who instead form office most indeed rise easy social prepare","139"
"22","50","97","1971-02-04 00:02:55","Property few stage one speech too election after including much southern develop image radio add kind way prevent all wind enter collection nation cover dinner","160"
"478","198","64","1976-04-25 10:49:14","Door natural late parent range cup travel full some tough like check","181"
"283","393","236","1990-01-28 04:01:43","Collection friend here significant popular develop budget beat around decade include movie month","287"
"81","404","215","1978-12-15 13:00:23","Feeling candidate strategy fine model again though marriage production worry teacher few majority imagine","280"
"265","68","157","1975-01-25 22:07:36","Soon down past wait issue these rule nation third soldier stuff want voice energy support head wall collection the store learn no line bad official day marriage","12"
"228","329","274","2009-05-10 21:18:52","Coach raise various act yet like effect source defense other south hotel far full learn pull poor cultural support off action skill too fire","247"
"94","30","45","1999-11-02 01:57:24","Activity reflect worry government time into the prepare off successful last best become statement cold role fact dream change understand four together worker deal stop huge some","327"
"131","231","129","1991-12-13 19:15:14","Bed pick do size pretty west view act scene whether forget me girl call especially information note","1"
"419","58","96","2013-08-16 21:14:42","Phone experience either upon including imagine central music media collection building particularly operation address Congress chair build know fight","44"
"260","310","237","1990-12-16 06:12:06","Southern within enough piece surface find door foreign become hour media reflect score page trouble laugh sing behind personal play leader toward game we record evidence","335"
"20","241","210","2021-03-16 23:34:33","Rather pass baby compare third decide middle color son attorney defense much","312"
"185","146","285","1996-10-01 10:14:50","Great those improve worry industry either change hard rather suffer area hair mind carry lot out state pass cold choice majority have almost key hour","371"
"59","204","2","1984-05-14 02:18:48","Day home natural should however my show suffer doctor expect green institution raise south race possible woman speech build institution pass success do","131"
"459","435","264","1996-04-01 15:50:59","Develop audience election technology whose star me today likely team explain out lead term degree","349"
"209","1","258","1973-04-04 03:51:27","Class push point really activity early task quite control success include popular election","7"
"71","305","228","2011-10-18 13:09:30","Field another prove enough sing speak short east strategy listen quickly performance special similar garden black culture clearly","157"
"61","270","296","1981-11-18 08:55:11","Lead when once pressure couple friend situation student trade lead card operation finally already into focus until it government put maybe spring","281"
"183","105","173","1992-05-10 05:15:38","Result season seek look charge apply family test coach despite research during that history marriage work far oil help suddenly","283"
"328","150","2","2019-04-24 10:03:16","Trouble sing everybody send father chair wish moment believe must effort himself money traditional service although animal simple manage store our throw door which job believe produce information","44"
"495","265","57","1991-11-01 23:48:06","Term after tree agreement Mr recognize rather rock game course ago crime speak similar station material realize true appear buy effect involve","305"
"312","440","97","2020-04-29 00:17:37","Particular interesting southern check parent southern north maintain add perform company camera attack cause out really already avoid nice skin big","19"
"446","407","95","1990-12-04 13:53:51","Year close machine time history help on action use both peace fact","52"
"179","331","154","1988-10-11 14:44:02","Level by inside letter prepare increase bad become against know yes pattern join source either main rather recently side exist once everyone find him star","115"
"283","395","121","1995-07-29 13:25:00","Tend see attention ahead benefit all word tonight door always wife ability","26"
"354","112","48","2000-03-28 21:00:16","Charge current pretty lot ten admit institution guy relationship local turn chance physical attention painting partner able some explain study skill computer","67"
"220","435","245","1991-06-12 17:20:43","Environment professor determine risk hand factor security save argue her break keep magazine","447"
"62","306","10","1985-09-17 01:27:34","He similar range half loss somebody although myself election available accept large really benefit site kind only citizen","446"
"155","307","245","2010-11-08 18:44:18","Market range wind total speech last pressure social several more claim respond avoid discover them hold simple necessary night painting difference positive yard identify weight day","239"
"233","5","178","2007-08-13 01:01:17","Population Republican write too drop look similar bit suggest describe focus style relationship scene walk treat","314"
"172","220","295","1974-11-14 03:51:56","Reality raise skill clear apply list ready music rock officer production account Mrs inside want popular heart let identify memory economic site impact per usually industry","439"
"185","119","95","2005-12-20 22:41:56","Center high miss information life conference since heart cost loss provide simple enter if be simple section student yet evidence theory building","373"
"376","134","80","1992-06-02 13:23:00","Offer move line him measure if open report lawyer education beyond single individual idea team agent you full follow edge like day lead value major just fear quite","10"
"319","105","146","1980-01-18 06:07:36","Charge picture mind attack range most wife could drug from professional special would recently maintain if agency pattern check cup catch","147"
"216","59","153","1993-05-22 14:38:05","Piece itself difference leave red four toward skill hotel to true film relate ok play order building project","393"
"134","368","31","1985-09-07 06:51:01","Follow necessary full defense agree college management treat fact less dream building time region","280"
"446","348","127","2012-09-20 14:23:20","Hope security determine career through true while finally experience article economy special story mind rate sure set each write sometimes traditional no include","292"
"455","335","20","2000-03-21 05:42:17","Main could population already capital detail something mean behind yourself guess building kitchen rock body enough choose tell state environmental say none fight","49"
"496","235","3","2009-09-16 04:24:46","Project enough others offer father official responsibility doctor less skin live close across party turn financial letter expect even seven young edge city north fine","9"
"77","374","11","1981-05-22 14:21:41","Event ground opportunity recently politics firm risk wall including air realize wrong treat never ago church agreement ability where standard people he","130"
"426","148","215","1985-06-18 05:15:29","Brother enjoy seek eat room writer blue right customer approach figure article west money go into well forward seek test fish sometimes north image","158"
"370","411","50","1998-07-20 01:53:19","Improve thought fight traditional mother realize military way something on drive majority his after statement risk again some situation move offer which whose great","373"
"194","459","113","1993-10-15 05:55:46","Any treatment interest experience level total body say executive person describe kid huge government girl suffer few carry","69"
"212","403","18","2007-08-11 05:27:38","Much instead call small fish question star front begin husband since far student art set meet","223"
"390","253","47","1980-05-23 16:33:06","Question clear human six central religious such generation option word weight home heart recognize possible artist activity much pressure night value whether plant former appear life industry","78"
"296","146","246","2015-02-13 17:25:12","Prevent gas threat president between draw decide travel since trip knowledge building around sometimes hospital check drug voice concern charge","338"
"428","110","201","1994-08-07 06:50:41","Value social billion eight while draw marriage fund message seat material mouth this agent yes name season usually southern human number attorney care environment listen","4"
"303","267","244","1992-09-13 13:51:31","There develop senior forward president court black energy others somebody rich student science","263"
"365","101","35","1971-08-01 22:22:30","Skill value behind energy mouth black head west stuff structure large a blood decade building side plan eat happen key","140"
"356","410","122","1998-02-14 23:55:17","Available whom theory indeed support American way able modern bed nice whom","196"
"287","326","21","1981-09-06 06:42:47","Study throughout light company choose actually concern plant seek figure issue type consider decide","83"
"392","398","210","1979-12-17 08:42:31","College field both daughter up store why policy rule should enter perhaps stock plan wide serve television water show summer","355"
"418","460","157","1981-05-23 10:23:05","Ago beyond we late federal available result heavy camera single mother something apply own here base new hot reason news behavior rock political","433"
"40","248","111","1989-05-26 21:59:40","Standard near push claim chair space race picture foot so worry news change grow feeling daughter","405"
"12","410","275","1973-01-27 17:59:58","Ability newspaper born move other member second if money talk according tree your subject","365"
"355","444","233","1987-10-27 14:52:00","Though force trade dinner talk teach education third billion product expect growth","285"
"254","56","211","1984-01-16 20:42:48","Price successful action effort medical other much allow daughter top artist data general including right amount difference score production minute avoid","227"
"455","471","153","1983-08-28 21:11:38","Economic agent buy service create simple respond task ready science star team someone unit them citizen page person fund daughter list pass their point","37"
"273","160","130","2014-04-04 01:37:01","Visit rather prepare soldier realize light practice single during without she hard spring table do already recent gun company cell know feel test available","364"
"457","130","204","1996-10-06 14:31:56","Defense yeah improve standard from east stock least recently process campaign player scientist","116"
"194","243","253","1978-07-04 05:41:28","More product table throw against seven spend ok right last clear condition recent interview factor first her","145"
"6","314","160","2019-06-12 22:40:46","Health man speak use age admit indicate save huge set movie key player former recognize never force note consider several because good head theory together","332"
"2","153","197","1998-06-07 19:55:54","Tough any across happy majority night exist would machine describe ok you real fire laugh after hot figure send two already own deal month war","184"
"261","384","47","1997-02-05 04:15:43","Agree so dark mention pretty choice federal be would power should social expect involve series security answer should through eat loss growth responsibility southern election right","170"
"59","196","115","2021-02-26 17:01:52","Tax agree goal book to drop apply should record particular gas personal mother every none","343"
"80","238","267","2000-01-29 07:09:40","Budget operation none fine expert why dog thought south together ok per floor hour financial because","475"
"427","104","155","2020-08-24 17:37:28","Force network finally specific get player attack ready material easy there carry number top main stuff go bar pay street exactly also probably popular medical pass environment","76"
"403","91","133","1976-07-30 17:09:43","Forget card rock to few structure Mr even far understand anything research myself data forget would line if alone hot fall contain report born whatever eye","397"
"425","46","75","1999-12-02 22:10:58","Of agree TV seem turn within ready east must support both market culture","365"
"315","33","159","1973-11-11 10:58:49","Budget foreign investment great effect almost possible fight result speech southern coach court involve","483"
"168","383","32","1984-08-30 04:33:13","Hold account serious nothing per off around coach break quickly space discussion specific opportunity among","411"
"185","217","106","1979-08-02 17:39:41","Under huge education Republican grow turn their stage capital learn blue subject father","233"
"341","268","208","1979-07-24 15:59:47","Movement attorney common he above create employee miss dream make simply yeah best cultural find collection seem hope population start vote add environmental city","47"
"457","53","60","1985-11-20 03:49:23","Everybody impact let bit return moment science article become pay cover sometimes authority leg thank big","341"
"455","118","116","1994-02-03 07:12:33","Red your degree eight win condition hit determine seek memory player whose avoid size nearly","51"
"7","18","280","2001-07-20 20:02:34","Carry side involve join although plan front watch low let executive few try TV couple with stop crime deal its fly nice imagine I","430"
"79","135","12","1986-02-17 03:18:32","Government push so someone seem forward expect nor so feel recognize need call development than generation for care safe mission activity other financial travel","405"
"65","142","271","2006-10-13 23:17:10","Fast camera can that sit participant town fish Mrs close explain edge so","388"
"163","472","142","2006-09-11 16:33:36","List impact official bag increase two course sport both wonder lawyer thing learn lawyer support coach I meeting gas","439"
"7","263","94","1998-03-19 11:22:01","Coach away away between memory memory grow must environment a make son will second him spring find","149"
"147","218","229","2017-03-18 00:03:12","Establish song difficult ability manager agent establish language effect site beautiful serve environmental wide still approach support","62"
"30","15","124","1979-02-02 22:49:37","News send his fall hold gun development with especially nation cut away way describe little land","139"
"104","325","13","1980-03-31 23:56:50","Drop film fund someone participant involve clear enter behavior ground star laugh cell successful picture benefit school lot","286"
"302","306","106","1985-11-29 01:50:00","Smile process example so research cover over work modern manage all then public","331"
"386","239","159","2012-10-24 16:22:48","Say build lot one manager former item share image southern magazine result commercial","130"
"309","282","173","1999-07-10 11:11:02","Blood everybody reduce story evening air effort response week worker wish quite everybody success mind would center list woman short investment on sure south","353"
"417","134","265","1996-07-20 13:06:22","Forget choose deep international force top speech never ago meet would close spring skin Democrat wife century its possible","124"
"484","393","128","1996-02-29 12:50:18","Everything discussion right government Democrat then family option seven soldier beautiful card age something billion both ok prove mention rich person among tonight while present reduce something street","110"
"238","165","133","2008-02-09 15:14:46","Question member president send control yeah stock western dream whether close a onto know direction somebody company rise head protect rock see small together","40"
"389","310","250","2011-11-30 23:42:43","Civil sometimes write his sure development chance Democrat discussion article partner according girl industry","10"
"351","453","151","1985-06-28 10:12:14","Strong raise call peace adult road compare company require they public low lose down","210"
"211","446","35","2013-05-15 21:15:48","That candidate trial focus arm by generation since gun less their writer my society begin list off be alone task year","56"
"478","5","203","1990-03-20 11:52:19","Story image film firm skill pattern huge himself allow my create with kitchen brother go cause message identify little happy past usually American page realize front","183"
"32","64","0","1979-01-12 05:49:52","Member south stuff follow front none capital scene never know half relationship factor rise put","358"
"348","144","282","2015-09-09 11:37:59","Field his prove fill analysis throw bill war thought decision at couple our trade","113"
"414","466","148","2008-11-07 22:47:53","Try could time usually treat begin agree soon order serve drop own attorney rule someone along fish itself rest medical natural each or ago threat","467"
"65","147","163","2014-04-03 17:42:42","Light institution upon past bag save blood short early play let street eight as reveal market","203"
"109","321","13","1971-08-21 02:00:49","Project pick himself increase grow while strategy public require while night place order issue role win outside consumer activity religious","275"
"31","74","60","1993-12-31 05:36:26","Evidence report campaign chair it kitchen side design part majority begin prevent several order try feeling","403"
"459","235","294","2015-03-04 14:11:44","Expert everyone current whether both up available too what use accept recently discussion like interesting range director law late visit provide event of eat bit","91"
"326","220","240","2021-11-05 19:33:48","Pressure mean talk even citizen data whose site station style myself develop hear second environmental own until play watch discussion","68"
"422","381","73","2007-12-31 15:46:19","Field determine speak important north alone sign kitchen owner current into agree central should story act national economy sea laugh together check character manager practice anyone first","86"
"346","367","269","1979-11-30 18:25:35","Community real if again research often condition radio our return action cover water budget run even detail point important indicate sense player","89"
"236","273","284","2003-05-24 13:51:40","Smile laugh enjoy make throughout practice stage be consumer nearly treatment matter help brother magazine pay data week avoid","403"
"337","311","131","2002-08-07 16:01:36","Bad couple boy college economic without prevent heavy up effort bring perform executive cold center behind while","232"
"306","437","193","1980-08-06 15:54:14","Represent mean there short always eight different growth conference fill result blue identify world particular professor employee science sound perform couple process page","462"
"176","105","63","1979-09-01 12:41:48","Realize wonder street sell change Democrat responsibility stand national end miss because number everything organization good decade happen","392"
"209","284","225","2009-05-18 22:36:38","Certainly lose number for what these nice forget least so career more","339"
"473","185","213","2015-02-27 08:38:53","Thank sense we for we reach dog music walk form play finish","326"
"243","379","49","1990-01-14 12:39:22","Open sure structure compare floor anything speak address site clearly gas church describe college day","254"
"306","346","60","1987-12-08 08:13:26","Act leader camera concern range city simply cover every road story nation play none real strategy both business available structure foot visit live cultural stuff society","213"
"253","499","60","1986-06-01 14:01:17","Role people many character player stock product name evening everybody where field floor approach","493"
"6","23","61","1982-10-24 15:43:01","Change lawyer matter significant carry east order must range property between dark specific talk office happy president sure century once later amount no piece","210"
"27","248","174","1977-11-04 17:20:45","From democratic chance reason generation mention there want program weight staff make today eight author than throughout serve less rock evening clear little","205"
"65","385","153","1990-09-26 16:39:26","Turn low factor put three section person game evidence may organization who","308"
"228","6","255","1985-04-10 22:08:33","Upon section capital early wife have bill guy brother fact bed laugh keep game beat none beautiful then apply","45"
"474","317","176","2001-01-14 06:24:53","Election market toward message lead star machine say phone rich name list yet rate treatment reality no before inside lot","176"
"413","327","171","1996-08-28 02:49:39","Stay understand enjoy week sea house heavy remain us rule how radio leader word available about look service those lay near","303"
"337","249","117","1971-08-28 09:57:28","They listen main popular perhaps audience end put tax out keep perform film subject similar thank social rise Republican poor","111"
"180","33","148","2012-03-22 20:54:32","Front low use near control anyone win industry both measure safe even house born place long federal someone plant memory someone relate article","401"
"338","26","25","1986-01-12 08:15:48","Question admit clearly be keep hope stock yet moment present responsibility civil grow out of everyone business first ahead yet claim","267"
"111","342","157","2013-09-29 03:19:56","Expert small early tree degree protect car box upon free wrong main bring whatever owner beat garden community tough here","92"
