"377","325","83","1982-11-15 22:24:26","Protect head improve forward see father collection avoid cultural four government recently win expect north carry writer partner rich senior support court Democrat enough go","91"
"496","249","236","2018-08-23 01:11:14","Work capital ok film response media me claim care treatment line finally green four medical main according sport technology","373"
"287","361","93","1978-01-06 08:55:19","Within standard surface gun candidate good believe property red allow dog behind central","53"
"225","125","41","1982-01-12 20:35:13","Impact staff product throw wear account watch be blue future idea option discuss your religious career force pattern actually nor toward","56"
"58","192","92","1999-11-04 02:12:20","Happy father event rock everybody continue probably though where large budget seven friend beautiful kind member perform Democrat","246"
"323","196","136","2012-03-29 05:38:49","Expert beautiful include how blood young suggest land outside imagine enjoy where happy exist add stand others range management change police from big world his","86"
"210","154","73","2008-08-15 22:35:51","Respond someone old wall simple I fight yes suffer through right start sometimes real single all firm letter single money one now","111"
"494","193","77","2011-02-02 13:34:06","Hotel shake wife too during anything our lead skill shoulder short must my same since audience modern","204"
"379","149","204","2019-11-21 14:30:54","Sort whole movie suggest once career financial challenge write senior while under thank sea near relate land seat western front choice at up serious","138"
"447","153","96","2002-02-17 12:07:33","Main first student support change light week list under sell style study director","23"
"132","385","45","1986-03-30 06:52:45","My fund send race character house fly class mission recognize whose true some","124"
"2","130","83","1974-07-16 15:04:23","Son explain end option which water chance coach north item here impact various parent make ever west card","45"
"470","249","163","1970-03-26 20:04:00","Camera raise development himself seek improve space table country region total medical kitchen star watch live two third power sit opportunity house recently rest last dream","71"
"227","141","96","1983-06-18 14:06:25","Let position dinner nearly yet life thus voice start could forget school firm public rule next democratic close consider","307"
"212","497","137","1998-03-01 23:39:44","History nation player join yet young week house share woman try memory couple training military impact reveal enjoy television poor site down reason total mention on","331"
"406","499","51","2020-07-26 14:13:48","Move down behavior program security final try reflect condition always computer get report price check wish discover citizen consumer throughout poor national force brother decade","151"
"183","421","158","2019-02-10 08:47:13","Fire current work third provide her late of despite town city spend thought something","368"
"82","138","145","1980-06-27 12:06:12","Purpose entire player image boy hold place specific gas fish box might build fight","159"
"410","136","217","1991-03-29 11:39:34","Music over not right sea mean dinner music force course family few race my enjoy civil couple bring high detail identify edge poor","31"
"52","131","297","2005-09-08 07:52:33","Total other example fish serve single itself catch cover spend despite from modern different","93"
"318","199","30","2021-05-14 04:40:25","Lead surface very general road everybody process again practice hear send painting day either girl least agent","465"
"422","71","75","2010-07-17 03:48:14","North range their really PM stock economy improve current financial someone western religious ability much speak few data happy total point popular yard score","230"
"318","42","156","1983-05-16 04:06:19","Send imagine your cultural result than owner need beat street baby alone firm officer adult detail well produce trip accept door Mr around and stop","429"
"126","313","29","1987-08-04 00:36:33","Light Mr official will order fill modern seem method indeed structure economy behind long later light mind many clearly surface eight according hit","388"
"156","478","203","1996-04-04 03:42:43","Allow candidate culture six other citizen under nor nor research analysis once soon job up instead return tell drop certain yard","183"
"342","391","127","1994-09-08 14:14:00","Back lawyer example somebody personal near get law life everybody of begin sense treat artist owner receive","233"
"55","421","2","2006-11-30 02:27:10","Claim offer short from present receive event prepare take grow question clearly account per office hand once process their final move give concern try","456"
"270","213","97","2020-02-14 01:27:19","Cultural building spend region only purpose own experience understand into type imagine south the stay begin world film west major dream build write president suggest number organization","461"
"396","154","122","2006-11-27 13:02:25","Fine lawyer wind age throw few five top chair ready situation different understand deep leader yes give activity region many than step everything political rule","306"
"232","497","45","1998-12-28 22:03:03","Kitchen professional article director seat audience real tough partner do happy night federal knowledge night dog argue almost put same believe contain","88"
"171","442","84","1999-12-29 08:21:23","No family partner enough keep phone at you somebody guess interview game","430"
"194","251","182","2001-06-21 10:19:53","Address million discover agreement hear community note lot color say they give million market laugh physical reality drive price art laugh skin accept son cultural election","279"
"406","456","105","1999-02-09 05:23:07","Listen very quite market animal music only will by interest always you window leader nice tend you hard mind sure activity special hair high attorney sister represent company","463"
"418","155","204","2017-09-14 19:46:07","Imagine box best your black left look heart really method exist us beautiful against series order shake father computer mother level until doctor first","365"
"403","466","215","2014-02-21 23:10:29","Lay something before without oil rise doctor rate source character section statement loss consider crime though measure something opportunity price risk development on piece participant","260"
"191","34","202","1992-11-20 14:19:43","Stay source consider appear national within seat campaign hear fish member seem north far name success all lawyer as common position go","322"
"390","235","265","2020-07-30 15:59:35","Hard event whether dark raise hotel whether up use newspaper senior manager ask seven strong have good air purpose team training protect teach","138"
"454","171","148","1987-12-21 03:12:42","Amount step newspaper religious song actually shoulder design old sell wrong car field ask reveal rock prove interest bar available system newspaper model because","331"
"410","133","158","1976-06-11 20:35:32","Become yes safe bar must region hour quite to summer bag television including continue wife court last how no act by","140"
"279","242","129","2007-04-06 21:19:40","Step I government throw east money too foreign sister word although expert agent agency","33"
"281","60","213","1992-05-02 15:35:51","Doctor nearly true really glass huge various reveal work want common view quality stop finally work food guess economy with top town enough take television hope financial","10"
"129","149","142","2014-03-03 20:23:40","Someone sign arm carry alone hair provide federal feel official response start safe decide feeling well say remember nor letter there north American be model chair","348"
"189","340","66","1993-01-11 00:56:29","Floor coach hospital hit opportunity what poor laugh bill everybody really and friend seek blue wonder low far entire figure he","102"
"368","106","204","1997-06-06 06:06:48","Since inside recently industry white two difficult subject same federal ago dog enough son despite arm him moment everyone decade compare may Mr director sort watch area","49"
"220","281","2","2009-12-29 08:42:25","Example boy recently itself matter occur explain do agent behind factor image citizen loss lead middle and significant trial","172"
"405","295","24","2009-07-26 16:06:15","Outside modern everything consumer analysis seven around book people treat necessary know key own fill like collection have miss arrive stand","497"
"339","345","183","1995-08-13 07:05:11","Care key hundred statement reveal good public great school information available others away could head soldier","165"
"2","368","260","1973-03-17 12:14:57","Case PM painting enjoy inside answer major improve purpose yourself safe increase style real large really national room different I old give","252"
"477","441","103","1996-07-26 09:24:50","Strategy care trial employee feel off plant factor thank direction eat vote great nor executive style against research finish determine statement need black team them machine beautiful challenge","379"
"208","242","251","2020-07-29 01:11:48","Figure offer information improve forget themselves fall box under democratic simple check media manage onto eight professor increase in soldier many","477"
"305","491","188","1991-05-28 15:37:58","Beat teach teach girl scientist our sometimes according indicate hot memory professor language not body doctor black sign side","401"
"471","160","149","2004-08-16 23:43:47","Discover everyone down apply bill result inside year break allow box anyone itself remember director daughter near like doctor enter morning","23"
"450","321","269","2015-04-08 08:39:26","Price reach itself reason American arm others study view sort cup space middle","498"
"225","351","226","1993-12-09 11:42:57","Boy happy purpose its campaign care lot investment fight gas later add wide answer less","301"
"32","389","273","1992-03-18 06:58:59","Such mission can decide different first discuss idea prove employee imagine small him rich safe response inside environment detail if candidate manage such raise","452"
"58","30","203","1977-12-18 07:35:15","Require buy explain message employee important middle movie religious again performance service reveal own art instead follow near","81"
"90","272","22","2010-07-04 01:09:37","Decade issue join subject out accept manager skin generation sense apply more author ok pattern to defense","191"
"448","398","28","1974-09-19 03:45:21","Child reduce change face bring available reason always run positive find meet decide explain agree media think do common","171"
"84","362","24","1996-10-03 02:53:53","Art pressure boy city nearly source organization smile manage news father fill different else foreign over law group lot better moment including through site management","59"
"498","280","285","1992-12-16 19:08:54","City face step network decision beautiful figure within institution year issue sure fact somebody rule trouble some street production information","233"
"438","86","109","1988-04-11 08:25:35","Analysis provide many enter perhaps budget bad among budget simply note rule yet avoid soldier production coach threat partner","291"
"364","454","78","1981-03-07 22:12:42","Class tough one rise for garden available value race example play chair share","4"
"412","194","248","2012-12-19 05:30:46","Little deep require parent responsibility economy music yard ready name along simple start represent billion wife wish loss front cell property take majority cultural style","318"
"166","199","99","1978-02-07 14:09:10","Work the pretty rock benefit area western me serve thing maintain white discussion life before lay sure explain","215"
"193","296","70","1979-08-29 18:23:11","Economy culture without store nor participant add popular where benefit I plan knowledge skill maintain likely much avoid lawyer method special enter employee president","229"
"259","478","169","2015-11-10 19:34:48","Bar describe around large down she him necessary likely marriage despite above deep project easy billion I","57"
"276","464","254","2013-11-23 13:12:12","Book story outside boy close trouble interview baby camera need above specific into member enough cup its attention ball market book rise short practice gun","478"
"397","492","281","2009-02-01 18:45:16","True present simply clear foot ahead born night age reason cost staff customer direction action own break appear trouble check answer trial","436"
"361","60","274","1995-11-27 01:59:30","She cause process beautiful subject chance themselves professor there claim thus maybe best civil quite describe sport for be pull service community what capital Democrat measure without","62"
"458","378","259","1992-11-28 17:17:53","Newspaper important partner whether suddenly increase mean difference capital seek staff newspaper important including subject wall traditional short run watch resource during good senior","422"
"299","486","226","1976-02-14 21:49:48","Director level Republican agency thing state they within he save hospital yes environmental may fact meet almost whatever even animal oil it no exactly mother","319"
"81","47","35","2004-02-26 14:05:42","Product entire operation town type church know various attention couple measure head myself imagine indeed nor step sound","136"
"473","391","266","1982-11-20 21:14:00","Deal such usually choose century media ask property main strong figure result born keep southern country","108"
"62","301","210","1980-11-21 15:47:09","Among work information through cost various process almost win partner home do woman hospital we model","364"
"289","67","78","1976-04-17 11:49:28","Week position also seem education pretty indeed mind question benefit cup international wish list television space open phone keep much form form mind front child church particular store","446"
"196","90","139","2004-04-28 09:55:39","Technology near stage front usually tough sell coach candidate performance artist fund born return government white maintain hand else opportunity while out financial foreign","206"
"306","130","64","2018-04-24 22:09:35","Successful form author myself occur just task particular simply home child near here inside fire candidate through conference method billion finally wind job without first","195"
"9","393","22","1980-12-10 03:01:35","Kid establish run full likely leg fine face customer road now less student order enjoy","394"
"268","31","268","1998-12-24 22:19:16","Whole to you situation read benefit wall about half future our win account culture need style environment kitchen action table simply character game","229"
"32","242","136","1993-03-08 05:35:03","Explain daughter between try move we career suddenly what deal seem new difficult pick hear agent be dream first","223"
"382","332","149","1983-07-22 22:06:09","Somebody professor police central yes address certain expert end land as guy very behavior message seem","123"
"211","229","86","1974-02-03 02:36:57","The stop career factor interesting hard seem model president member management common color","180"
"496","148","211","1976-02-18 01:05:55","Choice use best trade both full woman social money west important former force shake government window drive seat","11"
"74","45","145","1988-04-30 15:14:48","Find cold through score play poor cold difficult best anyone politics their begin","196"
"13","88","43","2001-06-30 15:14:41","Party with economy team collection end pull cause question discover imagine wait woman individual than final policy huge speak either include","444"
"22","33","191","2018-06-14 16:32:37","Start again finish opportunity adult out college read television which born in indeed you agent enough phone","309"
"441","9","73","1985-05-19 15:30:37","Deal not involve star economic hotel everyone great term service glass oil indeed ten play treat sea central behind Mr through sound","163"
"336","147","2","2016-05-12 02:11:47","Space painting end away knowledge per part material democratic around or lay shake local doctor nation his high face","305"
"98","46","126","1988-01-10 21:40:33","Hot build as nation personal work company great affect car former go","306"
"140","451","246","2001-06-25 18:20:12","Continue suddenly entire wait section finish individual trip machine fill others exist fill surface democratic color suggest clear player down garden base reach no brother","275"
"460","86","140","2003-01-08 19:41:32","Charge must morning end help small line particularly cultural student if project type pull lead child much where in center","173"
"115","223","250","1992-04-09 23:16:50","Course case final nice blue family necessary benefit both go group nature all movement art resource forget there they base Congress","120"
"188","375","42","1983-03-29 23:59:49","Court I according dream reveal value recognize break know production special training simply huge age","3"
"468","156","231","2006-05-10 22:34:42","Art deal care stay tend price future quickly value car hotel manage officer pay Republican compare design method big road water reflect","8"
"33","175","90","2004-10-11 03:36:06","Boy someone return face notice exactly physical central entire none two difficult approach program share","305"
"182","47","121","1989-06-05 03:41:24","Describe tree nation get result sense bar animal many their institution real none present single my","253"
"47","443","97","2017-07-15 10:26:41","Last experience senior operation suggest need staff hand term often rich hospital this very century financial involve read leave play","92"
"124","360","192","2014-10-05 02:32:41","In quality song long peace serve professional bad worry kitchen reach consider page behind current our accept mouth same include those more these himself century region fast item","149"
"382","367","296","2014-07-16 10:04:25","Manager vote right already under land ball receive participant huge laugh there worker full teacher task blood summer before question decide cup stand party thought plant low","118"
"370","170","146","1989-05-22 20:19:20","Practice gun real simply air character strong interest minute together left window picture military manage most no rather threat use last model save ask form they without","296"
"415","73","43","1996-06-25 07:42:39","Particularly group truth wide happen teacher will support work film explain leg within occur practice","47"
"38","82","90","1984-05-22 02:50:01","Region drop gun this behavior science allow level environment significant memory son such position","478"
"359","6","58","2005-07-03 01:52:50","Tend decision job trouble prove bit dark loss speak toward trade even","362"
"422","41","115","1991-11-22 06:42:16","Long past local not need always we treatment box better late training do growth take","355"
"444","436","273","1987-09-04 04:17:08","Conference bring respond role decade respond sign establish nor at six force most his tend","199"
"382","407","5","2009-09-16 15:10:46","Fire positive let end note value customer gas police attorney range mouth","225"
"123","302","230","1970-07-01 22:38:21","Cold her note employee painting recent western idea against bit tax seek before president affect doctor second hair nature nature too service","106"
"323","471","80","1996-05-10 16:03:14","Manager rock seat together threat decision direction spring it artist ball defense environment structure kitchen author believe establish look pattern clear form","373"
"165","26","76","1975-06-29 04:43:51","Service official program again part side deep late worry scene culture management score this","26"
"446","196","21","1975-08-12 14:27:41","Stuff interest too middle once read you operation fight difficult also behind blue while give from event add gun indeed way positive","72"
"497","13","222","2018-03-06 08:01:14","Radio friend peace south class early wife anyone most administration easy soon collection mean operation reflect buy page situation","436"
"100","305","173","1974-12-19 01:48:06","Example information perform yard fine participant become table treatment share power officer site tree","28"
"232","27","156","1996-01-11 21:51:00","Movement boy difficult high somebody somebody resource little instead character own outside drop attorney about dog fast morning they cut question all recognize they","477"
"408","173","176","1971-04-01 02:54:54","Democratic technology place task painting score foreign true board art technology result medical note decision one with","430"
"150","58","98","1990-02-02 23:35:58","Miss blue hope direction ago resource material either project live page senior try remember both resource outside hot even assume down church plant reach truth work back","125"
"55","488","52","2001-10-17 00:25:31","Easy strong stuff young student manager news note technology simply scene professional choose","154"
"144","230","64","2010-04-02 23:59:13","Western off line trip make specific reflect last cut agreement into fund own thus","71"
"257","152","290","2019-11-04 18:36:38","Top according really with scientist commercial home another service get look key improve down side","26"
"66","373","157","1972-10-09 04:33:07","Study agreement plan executive player generation drug range image something tonight market","268"
"0","371","147","2010-11-06 05:45:50","Son sister walk story heart act data identify city structure religious machine laugh miss despite trouble century report administration would professor machine","393"
"142","270","218","2011-07-28 05:18:09","Challenge teacher adult their international others one mother behavior until international fly huge particular father still fly already run experience program","166"
"436","456","201","1979-03-20 01:58:56","Book black fall kid soon discussion some large woman director source stay actually only eight style decade","428"
"268","150","185","1996-08-02 17:00:01","Budget seat trip pay on ahead quite employee must thing nothing old mouth budget share rule reveal air author citizen decide out military eat","350"
"91","321","285","1975-08-15 09:32:07","Difference unit cell eat certain per seem team security forward you many quickly purpose page beat","428"
"451","410","168","1985-02-06 20:21:29","Sense particularly front others policy federal book thing garden thought different young reveal husband","422"
"438","103","55","2012-08-03 18:29:49","Later religious left guy wide account local shoulder name serve when gun every do decision building else boy model out raise brother stay there window certainly instead maintain","313"
"250","100","175","2002-05-24 18:48:33","Next single more generation candidate program sometimes hotel plan effort executive father of season officer your","451"
"322","370","111","2008-07-13 19:20:21","Specific pressure everything necessary heart exactly reveal one first he hot task goal rich only service suffer federal grow evidence","387"
"449","231","178","1983-10-01 14:37:27","Thank character chair example throughout training trip identify bit firm for action site put house feel appear hundred occur local hold song","245"
"442","445","86","2002-06-27 20:52:08","Us health family collection step ten them stop police within option political thousand unit speak forward we","124"
"483","336","266","1980-05-27 14:04:10","Effect determine live focus even own yourself former successful form see fish compare of employee true half give site become from late weight crime","375"
"92","399","168","2011-04-06 20:29:10","Movie certain authority even exist site admit sure avoid pressure bank easy race scene top language yes off pretty contain tell always","195"
"217","307","202","2021-11-17 08:03:39","Act program man section build half send military already seek into born","351"
"301","122","96","1998-07-06 03:42:23","Tree account senior itself billion discover hotel something truth bag bill show outside break agreement hotel wide letter field main soldier book speech maintain say","16"
"402","83","256","1998-03-07 21:53:26","Stand face room according develop try appear protect bill country cut peace again act perform receive","35"
"325","390","225","2020-02-20 21:38:59","Trial mean form bed couple half itself worker join thus couple challenge she or dinner away expert series end out information seek cold nice","110"
"31","230","123","2017-06-21 01:56:54","Personal deep senior above without close population budget career physical follow community continue later full work","242"
"307","228","278","1985-08-23 04:12:53","Guy table stuff open open future image happy late sure time agree meeting interesting peace spend in","109"
"99","260","111","2014-05-15 13:21:09","Weight usually dinner record candidate probably note who site word speech carry recently bag company current poor best","443"
"93","388","27","2005-06-21 06:35:30","Often student own exist tree participant could network music still art list leader key recently give plan although commercial let clearly drive","217"
"308","361","167","1980-05-11 12:58:20","Boy now recognize group language animal do life agreement night certain run close","463"
"439","34","289","1992-08-01 23:45:30","Nothing laugh live health government recent phone either industry environmental onto at lay maintain call low sure hit design history Democrat daughter student art support not","329"
"263","415","102","2014-01-07 13:53:19","Guy instead art in million everybody campaign blood management research nature voice cup we bank","264"
"249","406","272","2006-02-25 06:23:42","Pass outside late contain federal sister expert his say high recently cultural life different central customer represent should rise drug seat peace campaign to","464"
"355","5","25","1970-07-31 15:36:08","Per indicate rock myself page whole civil wear international woman despite also feeling particularly alone hear take final court region recently present push","410"
"472","222","187","1983-04-01 07:37:36","Might understand knowledge senior baby television always close yourself information every one lead century agency size guess read issue name","218"
"434","230","82","1970-01-09 19:31:39","Executive wife ten true season ability I specific region time song mother approach hard similar set former explain take every society three window table surface suffer","452"
"298","73","114","2016-10-12 14:00:41","Outside clear start break baby model trouble all effect such protect work ready action in kitchen forward blue foot own make","483"
"383","318","66","2002-03-28 02:32:43","Month generation low treat score yourself about may Democrat store anyone very during against amount","71"
"454","401","223","1973-03-20 00:52:34","Collection old cost million company remain marriage everyone individual open service data international accept finish final among scene east prove best plant offer situation","306"
"282","41","84","1975-03-02 07:05:47","Activity walk respond attorney agent have still learn enough term next town exactly little feel dog somebody discuss agent group","149"
"167","442","295","2009-08-18 11:06:02","Lay nation painting standard still lawyer nearly wall million away over group himself wear everybody growth meeting school rest west great break our the style","293"
"200","118","155","1972-03-12 09:28:01","Walk prevent gun director manage range company tough future practice cell any public behavior say dog success participant memory despite","148"
"345","123","11","2021-02-09 15:04:05","Generation spend thing well grow board community worker long bag customer shoulder see leader bill occur owner control again travel about dog truth class tree","234"
"467","48","145","2006-05-21 02:31:52","Economy you interview during professional seven major image really and certainly onto song nice speak early consider quite tough property discuss move","498"
"328","186","285","1972-12-22 20:09:41","Herself campaign painting sign southern adult activity country well picture participant number skill western reality rest answer short focus even nor change beat increase","280"
"449","102","111","2017-01-25 05:18:07","Ball guess find forward start response fire window Congress bar such father","176"
"397","140","253","2016-11-19 18:58:32","Us fast yet around pull four again middle indicate agreement couple world teacher","51"
"403","223","142","1979-01-17 04:19:28","Whom language possible without short stuff positive available national vote return onto contain","137"
"11","159","182","2017-03-27 10:31:02","Government again difference create window worker order certainly third economy cover fine him manager seven act experience better","317"
"378","164","201","1998-05-06 10:42:29","Design teacher risk occur itself guess market study national explain behind stop agree","3"
"105","438","31","2016-11-15 22:44:28","Discussion enter so national whatever type reach hair with maintain later through last investment knowledge from right black will produce avoid might","255"
"493","389","37","1978-01-13 06:49:03","Number policy wear reduce support shake morning man its light clear travel here good night beyond notice budget claim particular else whose","105"
"140","76","119","1998-06-18 15:04:09","Administration part billion year appear travel investment wish run close action international create either make western back research run movement enough left give","194"
"84","459","65","1999-05-26 11:39:55","Air behavior spring tell agency approach consumer give speak product show game participant sport beat act health as health","7"
"324","379","156","1974-04-06 21:27:19","She cultural reflect end indeed continue area agree forget then political friend thank student others so writer great receive thousand level notice several","95"
"213","402","115","1996-01-27 13:51:13","Address hand fact sound respond authority remember raise close example card six few kid drug half break stay north western ready door stand peace will late","453"
"135","452","144","2001-05-16 21:22:12","Entire across base within must season significant front small service magazine ability authority mother after approach likely put","352"
"405","386","200","1978-10-24 15:33:26","Thing prevent safe ok ever song mean town your adult continue mean win reality piece","99"
"248","460","248","2002-07-18 09:26:43","Offer thus lose system son participant white participant put carry concern trial certainly through dark our long successful air sell according impact pull none","309"
"303","161","275","2014-08-14 05:37:04","City doctor leader film painting son dark sell realize human yeah form painting knowledge which identify son","121"
"244","382","110","2016-05-29 21:39:46","Cause score manage hope there movie former physical check your bad fund make once might charge general five","299"
"230","461","72","2015-10-25 13:12:30","Determine century center own feeling trade walk air state particular participant feeling minute mention energy color alone","78"
"440","62","255","1988-07-24 04:56:36","Maintain direction eye deal nearly book notice report specific tree give less over for clearly arm build experience sometimes worker someone cell","54"
"78","255","98","2004-11-01 01:04:49","Offer shoulder such run ten cold million history president produce arrive help who drug place before three even significant customer upon discover wish discuss activity employee","171"
"413","118","202","2007-04-10 09:07:33","Meeting animal maintain fall whatever individual people develop audience rather then speak with traditional word late soon media manage agency prevent","455"
"38","338","141","1998-12-06 03:04:35","Measure society specific despite affect protect history medical meeting price certain blood eat usually street political hundred age they itself something fact","131"
"392","25","127","2014-01-14 04:12:03","Buy blood seat community I carry activity life join company other themselves lay place similar Congress treat section assume bar floor gun body","68"
"103","278","83","1980-11-05 04:53:34","Network loss win citizen stop black than central rest thus your capital myself issue thought once data Democrat woman door one know election south perform","419"
"140","462","170","1998-04-05 22:48:26","Recognize behavior food newspaper trial learn real behind down safe move under plant same until","402"
"191","23","149","1971-10-23 04:17:53","Glass buy air note late choice by participant tax state professional let grow once here oil training employee relate enjoy early with through program","419"
"499","231","273","1982-05-05 16:25:29","Business local computer policy bring month prove reality capital himself enough though","290"
"215","106","201","2009-04-09 23:30:45","Late something about situation sit then in effect woman very activity free where between themselves","131"
"264","204","297","1995-01-12 13:48:03","Determine thus old station suffer cover sort several however although hour food debate simply floor policy foreign degree start","86"
"444","469","256","1978-06-23 07:51:55","Whole either structure employee attention attorney four central consider result south style development society thought difference stay doctor accept left as allow top","278"
"354","486","60","2021-01-10 14:55:26","Pm go throughout whole social imagine occur everyone article including space actually loss religious meeting use oil apply process operation","113"
"198","359","190","1993-05-25 09:07:12","Where method car wide lawyer could analysis less entire month person respond","216"
"25","160","67","1998-03-18 11:32:48","Administration ok enough power family hope reach appear foot record change rule painting mean occur commercial","403"
"495","114","64","1983-04-16 09:12:21","Boy almost executive become if by turn six man key increase close value should by necessary spend feel factor night relate","467"
"121","472","53","1984-04-13 06:27:45","Across place drop act human his reduce politics answer land ask strategy finally thank party","272"
"358","264","49","1993-03-03 14:27:00","Though box community movement remember gun herself act suffer score wall apply any budget most standard season voice clear this building record box reason require","454"
"276","166","262","2005-01-19 05:41:49","Federal chance plan but per size book data protect positive behavior large","360"
"414","411","264","2000-09-18 13:46:43","Protect arrive make decide TV floor not future war each work with fund","419"
"306","15","231","2009-12-30 20:58:19","Line news seven generation consider of require campaign large writer mission likely","250"
"140","37","274","2020-12-08 11:53:26","Itself agency the simple community piece shake exist successful that page scene world prevent nation sort against mouth station apply responsibility choose professor main couple memory whatever","70"
"267","375","56","1988-12-01 18:01:21","Meet audience whatever move option create truth career local learn after focus traditional newspaper inside everyone lay compare wait maybe human course popular couple single","419"
"392","204","288","1983-02-28 18:11:05","Join authority grow store similar morning cost mouth what management unit machine","444"
"48","261","228","1970-11-05 01:29:31","Even not six improve expert could nothing bill human forward stop goal full pretty hope trip deep culture indeed near manage will admit face play however likely ground","349"
"326","226","107","1987-04-15 18:23:45","Trouble mouth share blood table call fast arrive meeting next make itself each improve buy air own material trial realize Democrat","145"
"132","268","250","2001-03-06 02:22:15","Fast great better drug always get treatment life gas let clearly student","193"
"452","210","215","1970-03-24 01:22:14","Glass red property politics early watch ever strong market activity see resource situation produce low trouble","438"
"443","66","7","1970-04-01 07:54:35","Health town camera officer crime run card coach personal discuss boy guy research","220"
"76","17","22","2020-11-15 07:33:19","Personal reason close foreign class require perhaps need brother difficult tonight huge take many including night study skin","168"
"54","292","262","1997-09-18 21:08:41","Central high series production improve easy wind in require consider number pattern meet high Mr","323"
"170","102","143","2010-11-03 16:07:02","More capital often town get mean finish child rock skill be very national mean source white ask later ability north fire wear them","184"
"262","121","84","1974-04-24 19:23:27","Oil feel certain watch future challenge beat article list learn natural police along effort though with whole organization enjoy play help","155"
"334","459","126","2011-09-16 18:12:54","Or likely consider then respond author kitchen hand action mention force question explain reflect carry into thus watch night term save like order statement seven discuss civil","414"
"85","296","59","1991-01-01 09:52:13","Information field seem natural rest occur moment probably level cultural interesting low here senior crime pick","412"
"482","210","84","1974-02-10 08:15:35","Sport total employee attention his walk send billion what glass minute step method food school air water effect whose form able kid give claim debate nature","259"
"366","486","15","2008-03-12 12:48:46","Whether pass education from almost conference once how great table house put three idea street seek bit note per exactly focus item","249"
"469","167","53","2011-09-16 19:56:30","Opportunity design member tonight station evening reach power agent miss reason daughter yourself live between hospital should reveal","273"
"166","440","36","2014-12-25 00:41:58","World focus event law military seat paper sport very market service center management","27"
"455","313","281","1998-11-03 16:53:29","Role often number culture most sometimes move none write learn current spring present either","260"
"170","249","233","1975-01-09 17:29:17","Should standard energy expect special material indicate type campaign nation agency man","56"
"172","271","292","2001-06-01 22:28:48","Outside arrive well sell increase across spring through theory build market day at think include wrong quality gun partner adult close light series","414"
"41","468","245","1970-11-07 07:41:44","Until property century open between property break information determine value professor who simple rich yourself situation already each","110"
"58","121","97","1996-12-20 17:52:13","Good movement country book be number interest include dinner miss through interest","379"
"445","166","296","2004-02-09 17:52:51","Military short example leave chair onto staff similar make traditional guess political care play so available heart","250"
"189","85","86","2007-07-09 06:10:43","Point million west eight career short nation affect ago itself evidence majority difficult forget market short half its parent alone drop","168"
"390","445","59","1981-08-17 11:02:06","Blood spring visit record analysis expect wide prove officer pass surface network across card believe talk material it happy finally you baby visit quickly professional point save","353"
"420","265","29","1995-04-01 03:00:03","But artist together move structure through process side only know power miss outside against manage defense base subject minute economy until economic attention sea reveal family the","422"
"46","230","150","2008-11-05 20:39:38","If drop do enjoy religious return treat minute region protect apply suddenly former value social human section address enough world agency simply anything science fight former policy","461"
"164","93","188","1988-12-04 09:13:00","Him Congress machine hope really feeling special husband girl class small century food","16"
"270","256","261","1972-04-29 21:04:03","What condition social finish usually almost security check whatever not create would pattern after accept management conference simply minute they away father support however","140"
"299","83","31","1976-08-09 13:43:54","Including responsibility race explain but work seven old official name agree radio record thought","340"
"134","321","139","1986-02-17 13:58:37","Statement base any southern right gun star consider together total discussion between guy could question receive provide detail she society which seven","152"
"308","41","205","1999-11-27 00:14:53","Center relate professor use more organization world toward happy receive rock wall","181"
"80","372","149","1988-05-06 05:13:29","Your worry work fire actually tonight over service perform trade trouble skin movement cell guy me I result fight final reason fill","69"
"223","466","230","2003-12-05 03:24:32","Sit total stage law reach especially change whose detail sell tonight accept guy building challenge but house act police nation remain make own north room","55"
"131","371","266","1973-11-08 17:42:57","Deep interview computer forward seat smile into week focus stock fish must decide second pick bill interview","356"
"353","137","171","2002-04-08 08:35:00","My them hospital affect front act call speak of into manager once southern six quality artist prepare meeting through","107"
"337","157","271","1990-03-24 03:09:03","Store effort popular else couple likely still position better market admit red size less impact teacher","490"
"403","351","274","2010-04-04 11:55:35","Ask board full majority pull myself else gas point any quite them Mrs spend show drive our","251"
"195","342","255","1974-01-14 01:03:24","Contain still system image hear color in by when term without off since fire fire beat","331"
"51","61","213","1990-01-06 16:25:18","Yourself walk may close majority president within if true plan side agree Mr run building summer another clearly play pattern test hard father change total energy","73"
"434","307","26","1970-12-02 13:54:40","Fear read newspaper dinner wear alone everyone number big I help probably these up","471"
"22","389","253","1986-04-10 12:37:35","Fill government meet trial maintain both break appear newspaper daughter move foreign time evidence within","70"
"242","141","46","2019-03-11 01:59:22","Black any husband need seven even edge report soon itself difficult cold not boy long attorney deep","326"
"392","472","182","2020-09-17 13:02:44","Painting wrong left art color student current on result reason simple paper chair allow now economic decision step its sign should security there get build of town","376"
"228","236","169","2010-07-01 05:29:36","Hard ability word begin their white newspaper American billion degree special heavy put","211"
"327","291","62","2018-10-12 06:44:07","Window that this baby chair look future open market kitchen lawyer glass soldier debate hard without fall concern though front president stock","437"
"221","18","15","1976-01-16 18:20:46","Arrive young mission bit do her find base agency throughout professional team home two medical necessary close PM bank others decision door also season your","213"
"4","42","94","2001-03-02 14:14:50","American start campaign and effort medical event tonight whatever away middle person administration movement arrive","174"
"228","122","210","2003-03-09 05:58:41","Investment order serve when sure character imagine growth decision Republican product simple evening produce data hour material have including consumer door","398"
"0","3","262","2003-10-05 17:32:45","Left personal quickly impact break age glass discuss large environment air research husband pattern make drug really of wind today financial decide","338"
"444","345","109","2004-04-08 12:12:54","Popular local politics lawyer remain south decision major town process usually international song table look kind with","121"
"237","32","34","2009-02-02 07:52:43","State price ability three similar various have whom property fast risk glass small sing improve you population enter prove again figure space only suggest","489"
"405","143","14","1992-04-04 01:46:24","Ahead rate how choose team house rate city provide throughout me good remember eat suddenly north follow yard method little shake either responsibility dark sort","171"
"286","142","98","2007-07-16 09:54:47","Seven pattern politics their would really political method growth current movie nor","365"
"453","29","84","1988-08-13 12:57:00","Risk firm owner important not campaign soon white political foreign table against generation so top case recently star specific everyone meet","499"
"309","63","31","1970-09-09 12:17:47","Out across allow resource only window cell word candidate above final though nothing road read network economic","428"
"459","460","74","1995-10-16 13:16:38","Arrive perhaps major total agreement inside move drop talk career effect address people address decision build sense development industry customer","400"
"330","46","200","1993-05-30 14:15:26","Everybody thank among arm page college group in center born early nice environment herself experience wrong computer down big","259"
"158","133","212","2009-07-04 19:40:01","Go series yard must indeed red tell call art break water wife yeah magazine argue","414"
"158","85","19","1975-05-14 21:54:04","Other laugh bag door son unit cover through peace Congress water my statement court floor girl skill these arrive cup evidence choose economic within book discussion dog","484"
"115","271","209","1999-01-22 09:48:30","Road water effort produce save own positive feel store vote social describe against daughter trade type system quality prevent create themselves thing player","308"
"96","298","205","2018-09-15 20:21:10","Entire surface compare Mr poor up focus themselves man leg music modern wall with chair with crime including expert perform record beyond begin could","17"
"441","457","276","1986-08-24 01:09:41","Leader knowledge growth tend society ball laugh together me what type current street right up newspaper","334"
"289","339","87","1989-12-16 18:13:01","Appear staff town spring surface air mother trial news former book message rock big","388"
"439","160","140","1985-04-28 03:31:17","Play benefit new value who fall enough want building yes feel kitchen","24"
"305","404","13","2001-01-15 22:58:58","Process ask ok police similar trade politics hope appear line bag reflect rather close must value official meeting central public my word","36"
"317","111","55","2014-11-13 02:10:28","However money career as child reason become truth case half customer stuff generation party voice the stand buy pattern provide consumer sell guy third a three","122"
"270","4","197","2020-07-03 15:44:18","Behavior spring some suffer back sure difference source alone draw serve whatever ago ball sense area candidate consumer pick","250"
"459","88","55","2010-04-26 20:53:17","Together while policy wait experience involve far event determine reveal employee compare baby old sit spring style including no general read nice also factor collection","193"
"203","13","62","2004-01-24 09:51:18","For most detail beautiful country three clear for watch yes eye wrong west imagine money once food enough eight never down well hit election investment country","343"
"460","410","212","1992-11-11 05:11:53","Important wife where east size enjoy report each establish him any short father use know author house bar cut relate everyone wish any model","303"
"493","389","4","1982-02-19 19:50:43","Expert prepare development me since or eye next include tend stand police probably","376"
"140","85","129","1993-08-20 16:38:38","Season turn open something play even statement science matter say age than return site authority","62"
"2","476","160","2013-03-08 12:42:55","Offer free under century too behavior rise voice season experience art family town you today fish throughout sport will evidence","450"
"354","238","132","2021-05-23 11:02:57","Hand our crime test leader common computer receive often scientist house teacher wide himself remember check","279"
"363","462","252","1993-08-08 17:07:26","Town democratic see responsibility human law others population pressure accept executive player however thing continue real all anyone","365"
"483","61","19","2017-07-05 20:15:09","Together magazine keep ever too mission media suddenly beat book rock long all various its step between stop a seem season project","241"
"267","472","43","1975-05-30 20:46:45","Look yeah too knowledge customer gun season relationship next everything eye including majority strategy gas without city impact space right four morning however health","351"
"347","398","294","1978-02-24 21:06:10","Relate spring four local determine point single last model major star together","118"
"13","134","20","2004-04-29 15:24:14","Federal begin represent exist Republican against why hold how top land her two control I continue drop sometimes north","194"
"245","190","235","1976-01-27 07:14:24","Message camera book claim land front idea career wife focus care performance","282"
"39","79","246","1992-08-22 09:01:32","Care actually party without create pressure safe easy add right management who sea fly politics best full while long something true memory show risk clear here fish","34"
"4","38","267","2002-07-03 06:18:01","Way level plan news future agreement yourself day reduce plan Republican deep another better heavy figure factor president watch money discover","152"
"442","277","27","1980-08-24 17:38:30","Democratic suddenly alone money most a good true member name doctor your science unit community yard these less particular explain","334"
"206","59","93","2018-03-08 00:38:57","Degree decade room heart suggest soldier heart how charge much another space page reason receive member already heart performance property value power pull for debate down sure","469"
"422","80","59","1990-08-24 16:45:37","Order determine present media smile group economic myself focus me base can some series","76"
"395","57","236","2002-04-26 13:44:40","Like million may quite return society blue one public town production member","67"
"198","110","264","1992-10-29 05:49:58","Pull movement among month product record begin mission big bed could new","257"
"299","359","88","1993-01-04 18:48:05","Describe thank over outside according tough blood professor risk company hospital tree loss order music leave spring environmental interesting why person general kid hit idea","386"
"99","131","68","1975-03-13 01:16:39","Anyone million cell from often represent science old care artist want door kitchen money product","445"
"330","54","125","1970-04-28 20:31:46","Foreign network place not special pick hand should feel defense vote window catch attack various station while","351"
"248","103","171","1980-08-15 16:15:50","Evening laugh check bit above else player interesting contain industry fall make rest major vote western fish better to executive economy floor art account matter man tree","308"
"102","310","78","2004-10-13 09:09:10","Sister article knowledge paper same couple evidence executive peace fact but onto hospital during bring open last rate authority news","322"
"355","38","31","2006-10-16 19:13:22","Production those simply attention new become threat stay writer remember media people exist north","200"
"268","483","227","1988-06-04 12:19:44","Drive compare enough story power step building how provide myself rate role popular PM not language","82"
"24","278","233","1984-01-20 06:08:41","Along yourself prepare necessary tax player employee board none strategy keep too friend forget apply else","353"
"305","112","161","2011-05-03 00:26:56","Paper every call including factor work matter music also turn staff manage hold career","287"
"374","265","270","1994-06-28 08:13:18","Argue culture amount medical industry thought color big base significant someone large back picture oil add sit up ball happy matter such","289"
"356","119","237","1978-12-19 12:58:43","May until church anyone rate forget operation range material exactly society investment maintain senior strategy citizen girl worry receive gas ask third white leave","25"
"160","433","267","2013-05-27 14:08:00","Treat central parent art build real note control it your group too democratic return","80"
"390","36","109","1999-07-15 04:50:20","Training doctor star card upon use reflect son beat measure discussion rise","484"
"294","375","90","2009-10-02 17:09:33","Until western number participant city also until evidence foot admit prepare fact letter thousand","150"
"407","416","273","1975-04-28 07:21:04","Oil help response effect lose number these in claim somebody interview well than sister out pattern history party","349"
"322","337","268","2018-07-31 08:04:38","Human plant more expect visit side water prepare suddenly husband one you side letter everything available","202"
"463","436","2","2003-07-08 07:16:37","Interview especially song wind can though writer magazine kind present hair first policy cold continue town animal management whole radio follow manager far road into artist benefit","314"
