"0","tamaramorrison@hotmail.com","Gary","Cross","Unit 5938 Box 2421
DPO AP 33335","pbkdf2:sha256:260000$wSi1GNHoooW3OoiJ$f75a3bef7fb7e010418690557bcbcc53d6bd0d95465c17958c73742cafa6973a"
"1","martha10@hotmail.com","Denise","Thornton","09471 Erika Curve
North Megan, UT 71358","pbkdf2:sha256:260000$0wBjE0nUp5ugB45j$a1a769f07fbe92f6892948d33bcf6363206d5ffab64985fe4d4cfe96d6c61756"
"2","deborah64@gmail.com","Jeanne","Green","USS Stephens
FPO AP 13804","pbkdf2:sha256:260000$HA196vmUoXOqqWX8$8be0476d9b4f7cf39cb169b058a75631b4a60186db5e077eb2b74a5c87cefc32"
"3","franklinjames@yahoo.com","John","Hoffman","9459 Jennifer Loaf Suite 109
Lake Matthew, IN 84046","pbkdf2:sha256:260000$gbvEuRA0AIfXJZwT$6991bce0dd1d49a595c4971251ba6198cc652dd175650557df4f51c69060f396"
"4","samanthasims@yahoo.com","Timothy","Parker","42851 Joshua Brook Apt. 034
Staceyshire, AZ 98691","pbkdf2:sha256:260000$jRtzGTGMLvDNe4X7$449ae86fd2ad0d526a580a1586b857cea6b88809475989c491a5c35b0ede5ad9"
"5","taguilar@hotmail.com","Linda","Freeman","8847 Kramer Station
South Christopher, KS 77208","pbkdf2:sha256:260000$B104NqQgF5Z18E2k$319a0397c8ba66a2278dc064090c070b2452007b272d680ce628328dacad8fca"
"6","georgedavid@yahoo.com","Sandra","Brown","0752 Misty Mount
Williamhaven, AZ 75719","pbkdf2:sha256:260000$qddsAucBg4XqKYnw$c18cd9918c37747700fa439cd5bad37d08b173aaac4439ef2c83a409e670c9d9"
"7","chad50@yahoo.com","Paula","Wilkerson","519 Kramer Crossroad Suite 418
North Kimberly, MN 99672","pbkdf2:sha256:260000$Osb4ZGYrCSeUzTvl$77804b4155b955293ee900202ceb6758580bb3e9488bddeeb7974d3549d2d7da"
"8","jyang@hotmail.com","Willie","Garcia","03104 Norris Rapids
Port Donald, DE 62982","pbkdf2:sha256:260000$8gqDYGYsWSc0fLwJ$e445bf98d7d74d198dce6da0f610c6d8ba06213b9604ab36bcb27e9b33b5a314"
"9","bramirez@gmail.com","Michael","Montgomery","5735 Farley Course
Port Daniel, OH 79871","pbkdf2:sha256:260000$ZHVT02jaLyUkItpX$c3cb0ca2dc6ebb9c280d5ac97aa69439406dc903ff8b1e1b0c7c259e1ba169c5"
"10","kellypeter@gmail.com","Melissa","James","4391 Chad Greens Suite 851
Port Frank, LA 37561","pbkdf2:sha256:260000$W3gM6btEDkmwPEP1$9fbfa7a5118713d2b8232b1aaf8f492cefcc738c358285e9b03ed51483d3af27"
"11","tarasanders@gmail.com","Lisa","Bush","90443 Karen Heights
North Ryan, MA 50849","pbkdf2:sha256:260000$gZ5XRpSqLymf1fqG$4d7cfd239cf654784fd8405980825b315aef5765992feff3b71012c315193b47"
"12","virginia18@yahoo.com","Bruce","Miller","0803 Miller Ways Suite 334
Larryfurt, NJ 45581","pbkdf2:sha256:260000$okIktfBi4ZRPSwln$553fea28c241c08c90b37d7f17370b42f723161ef8861f5ff27b13f54e9a43ca"
"13","jensenanthony@hotmail.com","Mark","Burnett","3019 Gerald Mall Apt. 340
Trevinoville, SD 36216","pbkdf2:sha256:260000$qvhiIXpaERenZXpy$4e9d59113a6a0f901ab696cbf3d0da083737fcf9798cb570727c5c730d3b1767"
"14","kmalone@gmail.com","Courtney","Valdez","785 Jonathon Rapids Suite 354
Acevedoborough, MD 95719","pbkdf2:sha256:260000$pcGcsjTIpCYcyMig$6bc67c953dfb7cd702cbea12c814cda274ff0c6c9d2da648c0f5c7cb49c0a726"
"15","kingerin@hotmail.com","Henry","Moss","53230 Julia Villages
Lake Christian, PA 14087","pbkdf2:sha256:260000$NIIpu1oXZA8TLeI4$bd8a5557c8ba37edd4d8bbef33cc981934c1d93a4a6ae49395c39cacaf0137ed"
"16","meganbrady@gmail.com","Amy","Fowler","98522 Mathis Viaduct Apt. 909
West Michael, LA 42837","pbkdf2:sha256:260000$AGWpIKP80hshmNBo$9b4dddb64568c317d3fe9392664dd325f818afdba18a93ecb69db35a1cc8fc73"
"17","kgomez@gmail.com","Tammy","Reilly","PSC 5823, Box 5703
APO AP 32230","pbkdf2:sha256:260000$DmuW2gxwJ3OZOvOA$0ee42128804ae79d58170ae148e5c21f507b5ce5a5bf5a4b1463704ef4de4019"
"18","thomaspeters@hotmail.com","Robin","Harris","0131 Williams Ville Apt. 562
Richardberg, FL 53480","pbkdf2:sha256:260000$39u0LClpSXn7JmBr$8147f3f0c14594259005da0ca7ae1073df771b8514441287a985397f08547c37"
"19","susan06@yahoo.com","Jared","Vaughn","6851 Logan Brooks Apt. 205
North Robert, UT 41297","pbkdf2:sha256:260000$J7Kh65ELtq4uwkoc$cb4ad6eecfd12d8731538149b25cdc4b61719b726707f39f75a0b6b2001cfae5"
"20","william86@gmail.com","Lauren","Mcdaniel","USNV Dougherty
FPO AA 82530","pbkdf2:sha256:260000$llfR5DtZJ6EkDyT2$b51123d0f5f04cf952890d718d4c3730167790c400a484bc1a818700ef2895ea"
"21","michaelanderson@hotmail.com","Brian","Richardson","76914 Dyer Landing Apt. 997
West Billy, MO 82565","pbkdf2:sha256:260000$ZKYc4ETulHUvDubN$7c422cb63d854e8ee2ce1e31fc137ce44b45d66972254d9d9918760d8192cce8"
"22","deleonwilliam@gmail.com","Maria","Harris","23230 Lori Knolls
Jennifermouth, DE 54092","pbkdf2:sha256:260000$62038SudszG0A8Sv$51547df5de727fcaff7bd10fae7d414852033a0352eaf44d8e16be08a6699fdb"
"23","joshua07@yahoo.com","Heather","Davis","2790 Noble Corners
Cookhaven, NH 05626","pbkdf2:sha256:260000$196URImbGfBW5wbl$f5c1924e74371e982c14fb6395d562b7b9234964ace2417146a30bbf4e0f7501"
"24","leonardsutton@gmail.com","Patrick","Spears","USNS Hall
FPO AE 97807","pbkdf2:sha256:260000$VqHLniGVYHSxdjzC$5475d3342faf0557d9c85dfc2a7870abe660f72326e08e96e4a1803a9e75e6bd"
"25","hromero@hotmail.com","Debra","Aguilar","43521 Laura Lakes Apt. 300
Nicholsberg, PA 79914","pbkdf2:sha256:260000$8CsWdLYbey43gfZS$e72aebaebd1819dd2f60e35ef10344390317c9e72a0dabc81886c10ad41c2369"
"26","angela30@gmail.com","Cody","Crawford","4619 Wilkins Wall
South John, WI 54277","pbkdf2:sha256:260000$gq9fjBgZEHtbx0r4$f9095a59e07922d0bac84d4a1fc69c01edd503a2b37647ddf711ffc6160f4f54"
"27","ygraham@hotmail.com","Cynthia","Faulkner","457 Frank Point Suite 767
Meghanmouth, FL 29307","pbkdf2:sha256:260000$bLu7BpUNR4Y2JNvC$c13e0fe2aeaa51a0b6d22260deb37d36569152fc8ad42aa8fae734e6314647f7"
"28","millerlori@yahoo.com","Kelly","Casey","630 Baker Crescent
Kellyborough, ND 71531","pbkdf2:sha256:260000$r1uMbbvj9wstxjna$d559fe285629611b1e1bc9f34c2f404c2476d8ccd58f2cf92803007af466f40b"
"29","pmartinez@yahoo.com","Thomas","Patel","857 Robert Place
Martinezshire, MD 23325","pbkdf2:sha256:260000$2RVIoth9IKHpyX9P$d2a572dd8d775eeb1259b962d3e670d4fd955422ca51e7049b936deb55e3d1c3"
"30","stafforderic@gmail.com","Johnny","Martinez","34228 Stephens Falls
Port Lori, VT 21058","pbkdf2:sha256:260000$vQri60E5rVykpTyx$2163adfd516ed6eef425b575161147d7634fcd3e34f9b2885da7d49bef55e4ff"
"31","smithsabrina@gmail.com","David","Turner","840 Michael Knolls
Mariaport, SD 90715","pbkdf2:sha256:260000$7nziUEh200Jo10aQ$b0a19d21343782cad61c1ef9969812e58524d585828d754849ab2ebfcffcbc03"
"32","rmiranda@hotmail.com","Evelyn","Hendricks","02098 Gomez Fords Suite 352
South Dominique, OR 66775","pbkdf2:sha256:260000$bO29xoSYxFyqNwg0$61db2a491dd9eb30b11bda6cafb2abe84fc41436f7cf03b00a0d552e82ec236a"
"33","millersamuel@yahoo.com","Paula","Walter","4158 Alan Rest Apt. 216
Bowersfort, AK 41564","pbkdf2:sha256:260000$8fqB9IPA8JlemP3h$39d377b5d55ed37d684146423b8435ba4c5e7f8150b7b4b19885f4afb09cf4a2"
"34","cherylstewart@yahoo.com","Derrick","Webb","20691 Alice Port
Michaelfort, OR 42336","pbkdf2:sha256:260000$u5ZLQ2iGQr27eBQ4$96d465e16ce88a52030fc0224ec70764b3c31e37a54673f2f807b8826c488c23"
"35","santanajimmy@gmail.com","Patrick","Graves","957 Carol Road
West John, WV 34147","pbkdf2:sha256:260000$0T3QV0Bjbo718PFQ$3e755a19c67d199842187c8698f417644ad2ce9b315edfcb59c4731b90878932"
"36","stephenbeck@yahoo.com","Leah","Bell","USNS Ramirez
FPO AE 24579","pbkdf2:sha256:260000$OC6FfJNLBOIVPLmA$97728e0b94ccc01227f1e9b8879cbe7cae2fb46b336bd61faf627a8354ea8952"
"37","palmercassandra@hotmail.com","Dalton","Fritz","Unit 3486 Box 1261
DPO AP 85920","pbkdf2:sha256:260000$B6Zdm7Reft8erj17$38016774c1739712a3b6a0bfee98fc2f7077a2d6cc5df63358334da96aa85f37"
"38","alisongreer@yahoo.com","Madeline","Stevenson","5303 Lewis Springs
Port Adrian, NH 62346","pbkdf2:sha256:260000$utjhx8joV4p6Tt3C$97fc7c06352c91ad375161f26a923a4dd407073c6f0147de4fb58300a690d526"
"39","jasondavis@hotmail.com","Valerie","Charles","04791 Holland Courts Apt. 738
North Michelleshire, NH 34585","pbkdf2:sha256:260000$ORvT5ypW3Ti99An4$82b7dc55dbe6d59eee99eb321482bf90ccf025d74fa927ebcf119cbb56616210"
"40","markchan@gmail.com","James","Scott","598 Bradshaw Hills
South Deborahview, SD 34818","pbkdf2:sha256:260000$osX6xeBmNNLl1zSk$c1adcf1c1b1558abcebf44910eb517337adb0238621c1b3d66cb2d4724ec1029"
"41","castroallen@gmail.com","Jennifer","Garcia","6659 Valerie Point Suite 210
Penabury, SC 94980","pbkdf2:sha256:260000$Th3Gv2sVsIkBGboO$67a11097684f7ab3588d47951588c61931a08420819568fcee4874913a501fbe"
"42","caleb01@yahoo.com","Keith","Jones","60969 Justin Passage Suite 774
Joshuaburgh, IN 61092","pbkdf2:sha256:260000$iG5oEv8TuMRfRG3M$cab4c8d6bd8b71be190ca9f27c7bb51ef1b6f0d28a9184f6a3a1fd7ccb68038d"
"43","guerrerothomas@hotmail.com","Lori","Moore","064 Moore Spring Suite 699
Terrystad, MT 77284","pbkdf2:sha256:260000$Hk4fWvMByYXImzrw$68b6f59ac84d98bb90f1c57cc1476e09ffb0b78ab6b2d9c189ef7a762845409d"
"44","allison58@hotmail.com","Ariel","Freeman","74836 Rodney Canyon Apt. 504
Brianton, AZ 20926","pbkdf2:sha256:260000$FdDupmnQl2vRslGM$5190e4cb29c209c962de3c53473489c7e6c09d0ee32741cfd88a02bdaa4a442c"
"45","jeremy24@yahoo.com","Randy","Bernard","458 Smith Alley Apt. 432
North Maria, NJ 87879","pbkdf2:sha256:260000$plnswkorvN00clXB$cc59e606b2b7aa9b0a44c8ec87007dd32324723b872460bb4edc137856c69c11"
"46","johnny46@hotmail.com","Timothy","Kerr","0092 Jackson Lodge
New Amy, AZ 84772","pbkdf2:sha256:260000$Fr85bwdO21SoSqNJ$88b4c26688448a25f11b0cc45b236357a2f287e8a58aea0c4daadb38c3b53bb2"
"47","james07@yahoo.com","William","Crawford","006 Stephanie Harbors Apt. 076
Andreahaven, OH 98030","pbkdf2:sha256:260000$GNI38sfYgyApH5FE$16e2dbd331bb03bae507e44794ab5c8ffe4e4b37e9d2ef82d8387c80dd7465c9"
"48","marquezpaula@hotmail.com","Jonathan","Davis","5051 Claudia Creek
Dianeshire, HI 01432","pbkdf2:sha256:260000$7yEgPic0O405STuV$434d6960fc3e9df82d596bca1673cd330c38cb25c4dfb7c1a2147dd5845a4e5b"
"49","josephmason@hotmail.com","Kathryn","Noble","21691 Miller Prairie
East Melissaport, MO 23058","pbkdf2:sha256:260000$XG1Ntj8vPHaNNOIR$c694e9c80d94e946b97f58300afa1212af2da320a723fa0da8c9abf2d6534ae0"
"50","richard56@yahoo.com","Daniel","Cortez","5953 Braun Drive Apt. 720
New Melissaberg, DE 07704","pbkdf2:sha256:260000$LeYreIsZ5JrYIq7S$534842cc21521477c3b086dd8bc860388b51258f7c1a2c52fb964fe8e9e824e0"
"51","fosterbryan@yahoo.com","Kenneth","Boyd","73293 Molly Groves
New Melissa, NM 16412","pbkdf2:sha256:260000$Vjsu2LTzG23wD3Hq$1dd1c33b3a9edb4d2350f1a3d8aa0be603ff2ff5bea350e53b9b6b8332d05948"
"52","anthonyvincent@yahoo.com","Renee","Moore","60552 Ann Mount Apt. 922
Erinmouth, UT 09362","pbkdf2:sha256:260000$1M6FrdsJC9pqKK7w$4408e787de9e2ee6c5781b4a74455cf5c6dbb47aee58537cc84e4ccf76f5405a"
"53","sawyersamuel@yahoo.com","Alyssa","Farley","708 Ritter Union
Jasonshire, LA 21831","pbkdf2:sha256:260000$IFh94HuQ6I2TwzOw$7cb19379e94f87d0884560fc8dfda990eb27a67a3fa8f1512814ef4147a8bca3"
"54","gstone@yahoo.com","Alexis","Williams","384 Edward Vista Apt. 954
New Kevin, MT 46905","pbkdf2:sha256:260000$8nNbm7qgwirr8sBq$d68a6666ae9d828f0f88ff2bbe85098549a4d530176d824379db680197292f4a"
"55","kevinflores@gmail.com","Jasmine","Castro","330 David Throughway
Markport, FL 24159","pbkdf2:sha256:260000$FPffifkDTtZt8Ygt$7261936f2841cf7f5f36051717e30ede3bbd0a1d312efbbfbf286ff35ca95f86"
"56","gordon43@hotmail.com","Joseph","Williams","794 Hensley Trail
Port Johnview, MA 87813","pbkdf2:sha256:260000$MzaAMV9iBOVOWsMv$444a27063b595b15fbcb7cc953d1cabc748432419587894e55068b26ecf4cbe8"
"57","kennethwashington@gmail.com","Jennifer","Marsh","USS Conner
FPO AE 61263","pbkdf2:sha256:260000$uxS3Amq0LZgeAtZF$5679e2d4008936537ffe0a51b2202e4c38448fb837e05bb8ccf7739d44a2448f"
"58","hamiltonchristopher@gmail.com","Anne","Michael","593 Jessica Points
Lake Franceshaven, UT 65182","pbkdf2:sha256:260000$jnFmU7Wrx80d4yeD$d558545ab2fc52da4cb000a747e5bc68e3a38d2711cf3cd3a10ab72c52561dc5"
"59","nsmith@hotmail.com","Joshua","Duke","654 Calvin Harbor
Lewismouth, GA 00845","pbkdf2:sha256:260000$bMTmfudQFHcLKHSM$027aef4f87a03cf7f3e68c556d370be632cbdbdda5553f4a82f561b334f5306c"
"60","jennaarnold@yahoo.com","Susan","Turner","9936 Hawkins Inlet
Port Leeview, NY 35524","pbkdf2:sha256:260000$XdN9K7qyThrJq2Lu$f76ef76abb5124755bd54b7381f93c0a4864d933111ff5d1a857c4bd6963908a"
"61","scottzimmerman@hotmail.com","Julie","Dominguez","5065 Teresa Mountains Apt. 884
Sandymouth, MI 03097","pbkdf2:sha256:260000$GRSaG8pUIgYAlUrX$835e10995f00d1b90f3e53513bbf362f0a72b51d305adb43a0f148a3be7eab43"
"62","bonnie89@gmail.com","Dwayne","Osborne","852 Ashley Plains
Hamiltonmouth, HI 05529","pbkdf2:sha256:260000$ppWANpPADwnuFdz9$83eb8bcde5b6f94709931c449f04872a484a97644abc7500726216e976718467"
"63","cindy30@gmail.com","Antonio","Thompson","42571 Hogan Grove Suite 263
East Brandi, NE 86862","pbkdf2:sha256:260000$xkXqq186cCoZjB9I$b3aba94c315649f583c26d6ff970ec3e5676fc3859f02759bba407ff1a287828"
"64","qhenderson@gmail.com","Yolanda","King","9757 Anthony Rapid
Sandovalchester, ME 19179","pbkdf2:sha256:260000$6UUxOZtqCawWHlXA$6d2e92f0d45573df4daae88d689a430a79b44faabb22cfb56fc56fdb81c9ae03"
"65","nancyturner@hotmail.com","Richard","Woodward","55899 Ryan Station Apt. 198
East Marcus, MO 19416","pbkdf2:sha256:260000$GCEFmw0FupUE2cdm$48a0bc1dd8c9a12d58cd91382af4a83be75b85570b29ad65d5f0c39fbb4cd9a9"
"66","bradley51@hotmail.com","Jeremy","Costa","7883 Melton Forge
West Greggport, NV 59577","pbkdf2:sha256:260000$88cDaTH1kqhnxanq$1c389eb1b63ab37bd18bcdca1f3038a5cfca4cd68077927985e3eff4ce137fd1"
"67","matthewpetersen@hotmail.com","Robert","Dunn","1121 Angela Fort Suite 946
North Alexa, CA 30452","pbkdf2:sha256:260000$aKP3UnyHie3qcdbf$5d627852d5f2bac46f9e0143d5149af83cb0e2830386be06dad12c5334232778"
"68","uhill@hotmail.com","Tonya","Andersen","3136 Leslie Manor Suite 348
Philipland, NJ 58172","pbkdf2:sha256:260000$LvQ1fmpxLdThiuVL$15ec5801c15a303da7973a1a367eb5a713cbd359c8fb13c9715a54d2a4456817"
"69","lisa79@yahoo.com","Stephen","Bernard","651 Johnson Springs
Lebury, MS 08248","pbkdf2:sha256:260000$OqX2SRyPthcM3IzW$7706dd365c7bd02f122386af3fc2be8c180afdb0c818a7f7e7a7fb55a6be547b"
"70","richardsonjerry@yahoo.com","Amanda","Gonzalez","25638 Ramsey Road
Jonathantown, CA 86522","pbkdf2:sha256:260000$4QDDOpUxYuiK3xiG$a9b2fd915985d5634d72ce5b5a3e72c55ccb00cd1ebb1d7a5c01b9c854d2440f"
"71","jmcmahon@gmail.com","Jimmy","Walker","Unit 6453 Box 8399
DPO AP 05284","pbkdf2:sha256:260000$deldePKffTgimjrE$a9b17651fd0ed3d5f3b12cabd92ecaedd7ddfe23de2b2738843ab4ee5c4ed107"
"72","wrightkaylee@hotmail.com","Austin","Holland","9376 Eric Highway Suite 690
Jonesport, NH 90166","pbkdf2:sha256:260000$2dYE3n2tE2hbfH7u$2592a0e805ce2ceecb1d0b8b3766248c2a1cb8eb89669fe5881ec05ad9dfbbd3"
"73","danielbernard@gmail.com","Molly","Fuller","04272 John Forges
North Lauriefort, FL 85172","pbkdf2:sha256:260000$zYjl3nbFJMo4agqW$00bcd922dafb01e2fb347e7c05bb2dbe677341913a4d64ff0b820ab306630d91"
"74","wbrown@gmail.com","Doris","Kaiser","USNV Young
FPO AE 07747","pbkdf2:sha256:260000$sooxyrTobuAY6W7V$add3c0b2a919114e22e64470c25d6b0374c0e4b8596af5f25c5a24388e05453c"
"75","ofernandez@yahoo.com","Tyler","Curtis","Unit 9559 Box 9061
DPO AA 51493","pbkdf2:sha256:260000$m3GmtqMsFTd0WR8c$4c25cd8fa3cca451ee74b08a64bea8653495b2263319d1347922deedef9c2ef6"
"76","conradthomas@yahoo.com","Angela","Tucker","45901 Salas Plaza
North Spencer, IA 10468","pbkdf2:sha256:260000$Je4Zlo0VlpO7CKu7$187c4e5ddca28150f7fd5fce1ba182d041ae2958e21202edaa68cf9e356a6f07"
"77","savannahsoto@hotmail.com","Robert","Gould","7746 Kathryn Cape
Lake Sarahmouth, NM 31357","pbkdf2:sha256:260000$KnZcA08vZbGc47Rk$ecfd1fd6937b85d92b7c1cfa4661affa708d52eb1b90995491ac1f6cf2df71f2"
"78","debra49@yahoo.com","Cody","Morris","23965 Yoder Estate
Lake Abigail, WV 17722","pbkdf2:sha256:260000$Jcj3Vx1tKk1dmofr$b30f7971ce94e4571b5a58ce03b32aa9c50f2b7824b5762e6cee8232cca1acd0"
"79","edward63@gmail.com","Valerie","Jacobs","505 Stephanie Mountains Suite 304
New Amanda, TX 15545","pbkdf2:sha256:260000$WxGrZ8O4sd2GaFOy$61f4d1ee88e3b092ad0ffcdce609579056ff480f31cbd07dce0066085001c07c"
"80","deborah77@gmail.com","Deanna","Holt","PSC 1430, Box 0517
APO AA 41369","pbkdf2:sha256:260000$sBPDpYZJXzn0pRFL$72a5967e8da52606e712407828cdfc0e9cd206428716aacfd5c540b9705b0f0f"
"81","opoole@hotmail.com","Larry","Palmer","2840 Stephanie Falls Suite 482
New Chad, NY 90431","pbkdf2:sha256:260000$u3aG5SB49QAyIyK2$f00ed6340f93363d0302aca1f1f54e097f583c6c1bcab5985cd1e84a0b01a187"
"82","dwells@hotmail.com","Kristina","Higgins","6732 Williams Fields Apt. 702
East Aprilville, DE 56619","pbkdf2:sha256:260000$uKn5PWADixleBqfP$cc07441851fce3db24488c1e72193afc8cefe6b476c41df59d317a4f044bc6db"
"83","qstephenson@hotmail.com","Shawn","Matthews","30976 Wade Fords Suite 157
Riveratown, AZ 15588","pbkdf2:sha256:260000$xjfpO8NNh3XjSSQg$0f5904c756f731371e7051c72fa1816291526462521d58795ea2bcbf3dcb9f3b"
"84","jeffreysmith@gmail.com","Samantha","Parrish","9715 Stephens Alley
Newmanshire, DC 78133","pbkdf2:sha256:260000$77LUkKK3rRKHEOfr$df172a9b0d7d2131e8314205676550aa0430d54bef3cdba960e64bbe0368df8a"
"85","marydaniel@yahoo.com","Tonya","Jacobs","90702 Brian Glens
Jessicaland, CO 29854","pbkdf2:sha256:260000$GN1eGSpJTxukNOCB$e4626bb7c7985993f0e565a6f534771886807c097f0dbb43691b514a9f574224"
"86","jerrybrooks@hotmail.com","John","Beck","434 Warren Highway Suite 671
South Jamesburgh, TX 27870","pbkdf2:sha256:260000$ck6vdccJy6ZILwIL$0aa305d33ea5e422710e77eb6ce583a5728e47cac94fbc7fe158620e50480d67"
"87","mcbridemary@gmail.com","Laurie","Underwood","USNV Green
FPO AE 60630","pbkdf2:sha256:260000$X5Cj8aICV1KAuw1f$546f75f2dbf7e67aea1fccdb235c615af0e30eac4c3a3a185e40698ce55717d6"
"88","ycolon@yahoo.com","Linda","Orozco","366 Esparza Keys
Stevenberg, NE 49887","pbkdf2:sha256:260000$MJXoxc4tdnInDWjj$791c059bed3256e62173a5c92b9df806c63895032db6c7e9f05fccfa5904f68c"
"89","michael74@yahoo.com","Kimberly","Park","48385 Velazquez Isle
West Trevorville, DC 87606","pbkdf2:sha256:260000$u0xHas878He6JigX$e2cf5d304dabd2c77c58ed1df14eb9365e23358250c0242a0e70a2a994a199ea"
"90","dillonwest@yahoo.com","Cynthia","Lyons","PSC 5956, Box 1102
APO AP 74601","pbkdf2:sha256:260000$7xVzK7vqOBELGBjo$1d2f6f4a4ca10af024c5b988169acef0b42fd30bab811f03ce91d05ccaf7baad"
"91","sarabender@hotmail.com","Daniel","Hall","653 Laura Unions Suite 251
East Allison, ME 77176","pbkdf2:sha256:260000$yXhTqYk4zM8bHfVD$966e15b0278b12fd780712f73dbfe0009e657bc97a4968576af0c8745b874227"
"92","jeremy83@hotmail.com","Spencer","Duncan","59156 William Center Apt. 044
Port Nicoleville, MI 37796","pbkdf2:sha256:260000$ML7Ds9K89A3YPzhA$9593fb931cc1ce4a2dc541a3a0fbd149c32e546918f9b31db8e1d0938ffb987c"
"93","jonathan73@yahoo.com","Cheryl","Acosta","30352 Buchanan Bypass Suite 685
East Kelly, AR 43873","pbkdf2:sha256:260000$TCxgyhY1yWHoQ3pw$2c7759e0c0963edd2b19100702da6f5cfe1623323777b026452c374f65442dde"
"94","alexandramitchell@gmail.com","Matthew","DDS","3159 Nicole Wall Apt. 810
Kellyborough, NE 14785","pbkdf2:sha256:260000$Z8L7KyTcxBcIYgKk$04942d482110a74306f51c627a563813e6e013702c778b7a6a7a2fe6cdd5fcbb"
"95","mathew17@hotmail.com","Angela","Peterson","PSC 9635, Box 0019
APO AP 92315","pbkdf2:sha256:260000$kZJ7EXFG3kYZomSz$273851566df8caa7415075fe1313bb637de44cdffc895915cc778843662c714a"
"96","pgriffin@yahoo.com","Adrienne","Friedman","4659 Christopher Crest Apt. 641
Meredithburgh, NJ 54866","pbkdf2:sha256:260000$nfyVePE085GSmcDd$0189d65f75b6667c959630a02c8f6cba3f628ee3e1de5492e4856854b71e6c0f"
"97","kennethwilliams@gmail.com","Donald","Thompson","67197 Sara Fall
Port Laura, MT 74039","pbkdf2:sha256:260000$ZfmhWYLYbSyjPheU$e8a22f74eec9242d18a9f6f1ce79b9567093096937d532f2e46fb58883a0c035"
"98","shawnharris@gmail.com","Bryan","Scott","849 Kim Squares Apt. 742
New Ianview, LA 36808","pbkdf2:sha256:260000$jge0XfHetTgdjDCk$71a7ecd568f3d025e4c3127e5efe7a722f378a76b05c9ee808e2696e658fa8da"
"99","danieltucker@hotmail.com","Jessica","Miller","92592 Huang View
Daniellechester, MT 38552","pbkdf2:sha256:260000$XWs2YDqsIYdYseDH$68c59a5c12096d2a0bbc2685722ed781d6710d2c5f55cd4259c6e04203c8f3ae"
"100","timosborne@hotmail.com","Samantha","Taylor","80838 Johnson Curve Apt. 813
South Nathan, MT 26592","pbkdf2:sha256:260000$RLR9g05cGF39TPAq$67a02061a888a10094e83d9aa74985e4b71235be3bb6e65b65a23b78ffab990d"
"101","brian98@hotmail.com","Samantha","Washington","957 Hopkins Corner
New Elizabeth, AL 11331","pbkdf2:sha256:260000$ZawWUGejaXG2TglH$8d3f2667460c95b4a860ea05b12aadfdd2c6cbb4dcba3ea079f260dd0f678573"
"102","williamsmichelle@yahoo.com","Heather","Wright","0400 Bailey Mountains Suite 232
Port Joshua, NH 18520","pbkdf2:sha256:260000$TXvTTBHTr7UL9pCj$26817d8d6422338989a03a8a2bfde85094e0671f380a334858ad14e515b74388"
"103","amber45@gmail.com","Kimberly","Gardner","64940 Rodriguez Lakes Suite 859
Lake Julie, IA 33720","pbkdf2:sha256:260000$LW4FrDLViwYI15bC$a9e65be47b9ff0e7e9b2989dd8926efc62d7af8c4806e26717a7008f56a69b8d"
"104","clarkmichael@hotmail.com","Kevin","Holloway","0336 Leah Springs
Charlesberg, DE 15273","pbkdf2:sha256:260000$ac3xiHkYVWGQgnpV$39b654dc9946304fedacb36200b10f0aadf6a4512075fba4a731f7fe8c09fc6b"
"105","clarkcameron@yahoo.com","Kara","Edwards","90587 Colon Ports
Deleonborough, TN 06967","pbkdf2:sha256:260000$16sPNMf0Zj5jJdiR$9c1603f408d50e796e2d8a37770c8fd00ad47230c6b86f43a51cb260d0bd92d0"
"106","shelleybird@hotmail.com","Scott","Martinez","271 Morrow Views
New Danielle, MD 18430","pbkdf2:sha256:260000$nemyfon3iC9Zt45M$9717ab4c5cbfe42b48447a20abbac1a790fff2ee3a25ea5870f5f9cb23e3de99"
"107","dickersonvanessa@gmail.com","Stephanie","Montgomery","9857 Moyer Harbor Apt. 113
East Joshua, SD 41942","pbkdf2:sha256:260000$Y36JnjHylXe5es9G$99cb98e1a1e6abaf0a0a50cb0a58cf44a09e2f70dfc8220fde0fd052dfd2e469"
"108","rbuchanan@yahoo.com","James","Gray","01851 Blanchard Key
New Adam, MA 56572","pbkdf2:sha256:260000$dj8MqVZePPuOGxmO$2bde17830a569e49d2e076dcb3606c5dfb65e84aa8e4f1623a4a43384160d4f2"
"109","kurtellis@yahoo.com","Andrew","Mcdonald","69597 Beth Lodge
Jamesside, KY 45667","pbkdf2:sha256:260000$0B99SkNCvpuawnOk$e7587c959d59f01b0b89505f110dcbabd99cd5935503bf8f4816c7ac572d9b9d"
"110","thomasjames@hotmail.com","Chelsea","Potter","PSC 2634, Box 0950
APO AP 84315","pbkdf2:sha256:260000$9eUpR3Wp2qExvjlJ$65283639260904838e85b232e0ba027fdf76aa690d866ace6ae4cbf44faa2e96"
"111","vdavis@gmail.com","Vanessa","Wright","83789 Ryan Passage
New Jennifer, KY 67986","pbkdf2:sha256:260000$xCzvWfR3P0AN9hIf$5747ac336771a3a501d838b58de35b30bd973c2e4b5587cc479147d8cd8abc48"
"112","toddgonzalez@gmail.com","Jeffrey","Robles","59909 Kendra Plains Apt. 319
South Tracey, WI 88890","pbkdf2:sha256:260000$zX0tq22Bh2d9yZqU$18d8ded9afb80dc6cfbde9f46fc5d3eadd1eed0c643e52f65813578cf180652a"
"113","jcarter@hotmail.com","William","Delacruz","2684 Sharon Mall Apt. 508
Phillipsfurt, NV 83671","pbkdf2:sha256:260000$yzXyUAnSxSKFpSBf$4c2d57d52ce040ffb47fe0a6423150c1f0c6217fc032fc84b0577f74df17c9a1"
"114","theresa27@hotmail.com","Nathan","Perez","43089 Trevor Plains Apt. 056
Alexanderstad, VT 95548","pbkdf2:sha256:260000$aFkA00WqQTxdmxkH$0dfaf8fc74d254656e41f2b808c012412eef9aae455083a9cf2eefee02883006"
"115","sstanley@hotmail.com","Krista","Allen","80085 Michael Forge
Kelleyshire, WY 97796","pbkdf2:sha256:260000$ReAf6LZTZWa6jawu$21e1c5b7073eab2764d713f53bdb4b375b4aa19ae21c9a22c3fac33bb5b63552"
"116","howardgregory@yahoo.com","Holly","Jones","1705 Hopkins Causeway Suite 943
New Maureen, KS 67726","pbkdf2:sha256:260000$EMgzlPpN7rSkNQVB$748318631927054ebb5b31804a7136519683dec65b9f762f1d0c59c854bbaee7"
"117","kylesutton@hotmail.com","Brandon","Smith","733 Webb Ramp Suite 868
Robinview, NM 79640","pbkdf2:sha256:260000$RqEPj7SyrNRP4fPB$f480f9b6b4ca01f44b8b868be1af9118d505658d9dc27ca768ba5c5ec0f00c75"
"118","heatherjennings@gmail.com","Michael","Murray","45396 Davis Road Suite 031
Virginiaville, KS 57281","pbkdf2:sha256:260000$hf1Nraf3b17t8DlO$19023dbe67e9800fc0ed2a7841f5a5487e5082b4b45e97d97524237691af6c1c"
"119","amber59@gmail.com","Janet","Tran","66291 Jeffrey Station
Robertston, SC 08684","pbkdf2:sha256:260000$mLsVuL1M0crNb5p9$ebeae239255bfc0e4af6cfc37224cd7316d6b9b07b2126d2e4c48347b47f6f36"
"120","wheelersherry@gmail.com","Dr.","Bailey","6274 Robert Islands
North Robert, DE 86228","pbkdf2:sha256:260000$9KJv7LsqTeQsuNZh$975a1b1f723bbdb8b04ac1c69cf5951bfc4bf7e542aadeab1721150fc31338d9"
"121","torresjoseph@yahoo.com","Mary","Simmons","252 Rice Shoal
Johnside, AL 39113","pbkdf2:sha256:260000$1Zo8Gg4ccnKMzQcE$54442fcb12c70b670cbac23eb637ad8da3ed3b35a1281daa323e358e9ca0efd1"
"122","phicks@yahoo.com","James","Martinez","7890 Ramirez Meadows Suite 904
Smithland, LA 85230","pbkdf2:sha256:260000$XrlW38JKgyjjUpct$36b5c73eaf99176d8351b9e343cf6b282de6b902085c8e509903163e31ff0112"
"123","rwebb@gmail.com","Patricia","Wright","753 Jack Burgs
Martinezshire, DE 90192","pbkdf2:sha256:260000$CgHx50kfupXGKkIc$885654fba22102c1c7b1b6a1c5cfd663972586773f56604c250db55706bd64dd"
"124","jaclyn81@hotmail.com","Jamie","Harris","57058 Kevin Ports Apt. 202
Marioview, VT 30471","pbkdf2:sha256:260000$qVUaDY1V57ldhl0F$d0776054cacdb11147cf651b8c8f44d66158e63daaee4f787f57de8569ef5195"
"125","fclark@gmail.com","James","Stark","91880 Brian Rapids Suite 730
Adamshire, WY 65305","pbkdf2:sha256:260000$Hkhz0QRYz5sghvSO$98f823de621a427a4e4a076a224ee48cfb3ba2255f550ea71cac993cd792e3e1"
"126","qjoseph@gmail.com","Barry","Rose","67448 Chad Mill
Steelefurt, DC 46453","pbkdf2:sha256:260000$WI1aPjwPFB6GA4Vt$afbf96fc2f14f0d44877f123ced2e7bf3ac48b0ba60785b5894382a185ddff85"
"127","christopher02@gmail.com","Nathaniel","White","Unit 3376 Box 1082
DPO AE 13271","pbkdf2:sha256:260000$0yN8A0h5USpHFAZW$69ef7d12c096dfe6c1df1895e18b2745843c00aec1b6322ba46cee29874dceb2"
"128","robert93@yahoo.com","Phillip","Vasquez","1995 Thomas Coves
Andersonmouth, NJ 73640","pbkdf2:sha256:260000$8MYg7xZV9IcmT8Ia$cdc05f9da0baf54eedb4713cf8557204456b4eb0594277b720d286565e5155f0"
"129","jmoore@hotmail.com","Kenneth","Patrick","2569 Lindsey Streets Suite 545
New Gregorybury, CT 59216","pbkdf2:sha256:260000$la955gxHqQfv6ILr$56572ffaff425d82aaeedc981839db435c8500818790d3da30d2cdd626a4c502"
"130","sherri51@yahoo.com","Cassandra","Smith","76910 Oneill Prairie Apt. 192
Mooreshire, DE 06240","pbkdf2:sha256:260000$bN7yVTtmMJCTh2CW$1640da4bd91fa701d81137e642dd2ce5d7ef9bae0c7d7557ae63e424a037d9c7"
"131","beckyglenn@yahoo.com","Nathan","Bond","957 William Oval
Derekton, GA 91362","pbkdf2:sha256:260000$dTbDb5VY3McLkGqF$ed5cdfc0e85ba168c66c8ca3dbeb197f1774018cf7bcf426f7f3c4bd6988ae20"
"132","omargarcia@yahoo.com","Courtney","Jones","6567 Wright Crescent Suite 580
Kevinfort, RI 75847","pbkdf2:sha256:260000$gxgUxhgS3KT2H5sq$2dac52ace7487d5b4013e402e8baf66802a39c7f867fa446ed843f9a468ab2de"
"133","smithjacqueline@yahoo.com","Emily","Miller","0326 Horn Turnpike
Dawnfort, CA 87280","pbkdf2:sha256:260000$S7z8bWI0N5NM4U1d$f901d224d1652b4b2513a6caf52d6a5acefb9b7bce801474e9c12f7f16cf4650"
"134","pwright@yahoo.com","Brandon","Thomas","1503 Campos Rest
New Chaseport, MS 04135","pbkdf2:sha256:260000$bOGNM3jp6bS7IqhE$b1be3078f677ac0146243df07a653ccd5dd8d5cfb81ece0a8bcf8e291fe12087"
"135","julie32@gmail.com","Tyler","Howard","603 Velazquez Valley
New Kimberly, NY 92543","pbkdf2:sha256:260000$fn9jmo3UrWI8sKZY$91f100d5b4f8d7a96c44a6aeca03af6304af2d888b025f58c51064bb9ca02de9"
"136","moorerichard@gmail.com","Shirley","Peterson","5935 Cynthia Forge Apt. 562
North Pedro, KS 75917","pbkdf2:sha256:260000$c99iod8ACYpD347k$bca92ad51c1ad9e53dc4c73685265b5a763125c6547e78091b05522203363fe3"
"137","qsimpson@yahoo.com","Henry","Smith","845 Mills Viaduct
Greenmouth, OK 02695","pbkdf2:sha256:260000$vDpc2aEVZJrMDUGK$97ac4c541f2ce34e60758f6817f40e9547111758639d5870a502f3692c89d31e"
"138","justinhorn@yahoo.com","Richard","Chan","54037 Hodge Junction
South Kathleen, SC 68560","pbkdf2:sha256:260000$P1XhokW5vdUEnMsk$dff0ff21185cd0d730c9fbbbfde1657e394980105e7d6aa529712b18a3b446d1"
"139","falexander@yahoo.com","Kaitlyn","Jones","70612 Gina Parks Suite 855
Watersview, WA 06080","pbkdf2:sha256:260000$jwUy5D9WQfphpoOz$a9fb656075710cdcc1bf7fe8b72c1e0dbcd7e564f5cc99c36184089772c99004"
"140","hdavis@hotmail.com","James","Yu","318 Keith Place Apt. 962
Lake Tonyachester, IA 41401","pbkdf2:sha256:260000$IndnrLSyHbeoiS7X$1f4b2cbb26bda28efc44e23bdbc1f9c52644b5aece07a98f14f145c4cdc3c956"
"141","browndawn@yahoo.com","Courtney","Curtis","4809 Sullivan Isle Apt. 558
Kennedymouth, SD 48834","pbkdf2:sha256:260000$TeN2h49LgLu3bc5N$65abca92670efacd09e481c43aa4d546d311ac9302d1c6c7b0312de8c2ffbf58"
"142","lwilson@gmail.com","Cheryl","Jones","USS Simpson
FPO AP 52027","pbkdf2:sha256:260000$1yZfyDbsBqeDxF2w$2f68cb57cbb01caa43b5bfda759723b034d50f3f34f723a8127341e18ca93ea6"
"143","rachael67@gmail.com","Carla","Smith","8554 Alexander Point Apt. 605
Donnaville, SD 93268","pbkdf2:sha256:260000$OxDAfWviiVsk29li$d5504543f12d230ed2c3ed45d4e9ec28ab5d38d04e201fc822616d7ab03b55bb"
"144","jamesmcbride@gmail.com","Sarah","Keller","0438 Brooke Gardens Suite 324
West Georgeshire, OR 11404","pbkdf2:sha256:260000$AEM1TjKeAMsfaI5E$7dfbd924cd47d23ddd7517345659041baba9800415ad3555bb97005fa87b907e"
"145","fgraham@hotmail.com","Willie","Owens","24494 Boyer Drive
North Brian, NM 86693","pbkdf2:sha256:260000$vR5ftbafT84y0w56$708a67e17c80c70749661f1930cebe45d2888caa6e58efe931008688223875f1"
"146","ethan15@hotmail.com","Luke","Romero","1726 Meredith Center
New Herbert, MT 90717","pbkdf2:sha256:260000$OhRfN11DouKOzXtd$60901975bd947742199eb9473631f5d587d9dedc7fafbf0a6e996ffee0004271"
"147","harveyrhonda@hotmail.com","Jessica","Chang","3362 Nicholas Centers
Port Shelleyfort, HI 74486","pbkdf2:sha256:260000$61SYvrkUk5UPAszi$1d72007b8041a02484dd02c951ab64de4895fd07ef5299967e7db79394757b3f"
"148","johnvalencia@yahoo.com","James","Patterson","30537 Terry Fields Apt. 343
Port Lisa, AL 34600","pbkdf2:sha256:260000$6XWb9qhZkdWo9ADj$4e57cdaf27e5af7ed914b9aef72b408137a8ff0d486c931d711ea60ccf361cb5"
"149","daniel36@hotmail.com","Jeremy","Johnson","090 West Motorway Apt. 056
Garciachester, TN 12725","pbkdf2:sha256:260000$pyEiEz7OqX2rxQ7q$ca546357c6a5d367ff85136a5393a73f284a7295398d7f7430118be3a0345f9a"
"150","hollandpatricia@hotmail.com","Cynthia","Kennedy","94946 Sean Locks
Christineview, KS 94706","pbkdf2:sha256:260000$d556OJBNz3pYbjiJ$7b1f1e43e0770764dd31f57bf8eb70991fdb2497ba8bd2a12fa2b8ffb25d2952"
"151","wrightrobert@hotmail.com","Bobby","Berry","66261 Nguyen Manor Apt. 536
Gonzalezborough, AL 64747","pbkdf2:sha256:260000$9vPkAWzSrbZJlGkM$a193c47fb041eb3ee114a83c9ea70a395217e73428fa641a1876f9b47ec6ce31"
"152","lisawilson@gmail.com","Logan","Clarke","424 Osborn Burgs Suite 809
Jessemouth, ND 12334","pbkdf2:sha256:260000$OMDZPtYIyD7k0bYt$c8104796ab06f1ae44032850edae30dfacd4c2dab5e80afa1baeeb536a698c2b"
"153","sandracallahan@yahoo.com","Jonathon","Bell","70936 White Meadow Suite 077
Lake Anthonyshire, WA 92157","pbkdf2:sha256:260000$CNWkhnpTxvR0qQPZ$50093b4ac5fad097e2eb6ef88d626312b0835db6de0d6d582f6469340095ac16"
"154","robert10@gmail.com","Frank","Manning","63421 Jacobs Spur Apt. 661
East Michael, FL 31348","pbkdf2:sha256:260000$w1KOXjVLsjA6Qw4P$e98263606ce641ff4d27356b7aef0af2f736b0e1d5f0f3abbb2e459dfba1d5fb"
"155","ywang@hotmail.com","Mason","Allen","9555 Stevens Stream Suite 060
New Markside, NY 88388","pbkdf2:sha256:260000$8YtE2sbbsduFwIcE$99c2497aa9c0f00056f073856a38992536b69a276a8e4cafdf06151d14b98348"
"156","jennifer49@hotmail.com","Beverly","Johns","558 Sara Plaza Apt. 362
South Benjamin, OK 53686","pbkdf2:sha256:260000$dTV2kYWVTf66suJY$70deb3f0835b0ca7d31a06813fc89c45796fb6074f692ae2bdde65f632cc5495"
"157","jessica21@gmail.com","Dr.","Shepard","3797 Donovan Valley Apt. 589
Melissaville, AK 33489","pbkdf2:sha256:260000$Jw2MtL1spp8R4ZgE$3b51c795c46a7b37aa55b401d6a38f1544ed90843363e5975ee6ef56ec0473da"
"158","williamsnicholas@hotmail.com","Pamela","Estrada","09234 Walker Prairie Suite 421
Changhaven, NM 31055","pbkdf2:sha256:260000$9zieqlq6epYYCExU$40e9dc106c14bd229162125fe88c02ce06ee48af8cefc276908067c60314003f"
"159","jdavis@hotmail.com","Abigail","MD","19077 Mccarty Greens Suite 665
Port Alyssaview, CO 80421","pbkdf2:sha256:260000$hZNdPx78rPiitPJU$f21ac6137fa3fcdd5e80b5542426605883c1dbe852c938cfd8a08babe4070fa0"
"160","igibson@gmail.com","David","Smith","196 Poole Lakes
Port Peterburgh, SC 89095","pbkdf2:sha256:260000$IsdG2UZQIzIBxXq3$931adbd06dc4932bcfbd3b7d81d8d13bef1809cd92dfda1dda968e9560530692"
"161","jessica69@yahoo.com","Kevin","Jordan","96549 Poole Mountain
South Ryan, KS 96235","pbkdf2:sha256:260000$zzWnB5z6P6XuULTe$93b3b10bb381bcdd8438a5b6eaffbe461d53f13b36b3c4e356a0c9873edc916c"
"162","randy95@hotmail.com","Yolanda","Thompson","45074 Jack Ford Suite 324
Brownview, AZ 64536","pbkdf2:sha256:260000$I2g8mhGvDdaHRACI$3c676bf437e12d5d68d3517097fd0e262f66ed044a091f2b9b82a6fe4bb3bc19"
"163","ryan31@yahoo.com","Joanna","Bauer","406 Diana Pike Suite 509
Riveraland, OH 01518","pbkdf2:sha256:260000$vDjozOzPhcPJZsnQ$19e17df39010e62305f86c178cf9f8448e201f7df945ca1d741158b30cae2b49"
"164","aberg@hotmail.com","Richard","Harmon","9350 Anderson Shoals Suite 034
West Lisashire, CA 77024","pbkdf2:sha256:260000$iQq2FLM7wuqHjDju$9b9bad51c3ba6031c384374754201d285d05731e225b5c4007352da33f13b3fe"
"165","edwardsrichard@yahoo.com","Michael","Brown","326 Crawford Rapid Apt. 278
Charlesbury, RI 88367","pbkdf2:sha256:260000$nIUoWlsrWqoCuBfq$9c670451b5745b558063256e91561ac54ca2baa1e5cfd4338c6768a8d96d287b"
"166","carlsonnicholas@hotmail.com","Dean","Bowen","374 Sanchez Court
Port William, IN 96826","pbkdf2:sha256:260000$13vkZAtbYnO1hPxE$0d7a0b0de6eac26d913216d128b092c9dbe12efd80109596cd799db79338ebb3"
"167","nhanson@yahoo.com","Eric","Williamson","3754 White Ridges Apt. 042
North Kerrishire, HI 22460","pbkdf2:sha256:260000$p5sr1Gv6n1QWrjSU$93f148e77170d34bb22d23aa0351d97323b66c74bedf8f63c69d17e174fafcc0"
"168","marcusmendoza@hotmail.com","Tammy","Nelson","867 Barbara Glens
Clarkchester, SD 30154","pbkdf2:sha256:260000$CD7bGBWrg1Y4pkp5$22385016aac49a5b6d79efcfcfa9515d514c148337f3da8f9ba41b9294c7e74a"
"169","brenda29@gmail.com","Kimberly","Bryant","9588 Christopher Dale Suite 974
North Henrymouth, IL 72872","pbkdf2:sha256:260000$WhX4a3MTS7GD05M9$1d9a06ef4e1ac93d4ca3de88e0aebcc844e9696b31b754128283167b57472e45"
"170","bowmanashley@gmail.com","Sarah","Garrett","37848 Sellers Brook
Cabrerafurt, LA 55360","pbkdf2:sha256:260000$ryl9jxKIMdzCY8O4$eb612f4a60a8b4f7fddaf34ba9126d51b9c8e64775e23fa7250aa9985f405017"
"171","derrick53@yahoo.com","Kyle","Johnson","Unit 6495 Box 1988
DPO AP 04704","pbkdf2:sha256:260000$sDhDpe93mAn7trfS$31e5fa0a066b431beafe4c73d2905f50f12a2ea23e5ca804a42f7069e3ca172a"
"172","jennifer70@gmail.com","Amanda","Bryant","05806 Johnson Forks Apt. 803
Sarahburgh, NC 19505","pbkdf2:sha256:260000$vugLLTKnWfOj8hEv$0282e6364fbceaf506cbff61db63e6cfcb2b4dac67cecd4aaf60963f7fb3093e"
"173","boothsandra@yahoo.com","Amy","Diaz","805 Torres Drives
Kimberlyside, MI 97107","pbkdf2:sha256:260000$nuvhK4uqQWnxz9ay$2db24307468c82a1ce07e77f7d56a9c9f59b1ad4566a43b38094492d863a6150"
"174","fcarey@gmail.com","James","Alexander","9214 Daniel Center
Warrenstad, VA 79807","pbkdf2:sha256:260000$wcSthbgDIOjssFvP$ccbb3451cfd25ed8bca71dd388423f719d55598cc7b26676f5437b7871d847f7"
"175","lisaburch@hotmail.com","Misty","Dean","0887 Young Corners
Christinabury, ID 72676","pbkdf2:sha256:260000$OnD58gQ5POrxjOe3$e502a5cedaa3ebc00eea52658737045280c813c68ccafb90ef35d770542d850a"
"176","garyfowler@gmail.com","Daniel","Weaver","96653 Greene Fields
Johnnyside, MS 94047","pbkdf2:sha256:260000$NN2R442sdDslGPiU$0576e672f270921c47a99becaeb10d9fcfb5c2e4e98d2c9d35d1b46a9afb11c1"
"177","pruiz@yahoo.com","George","Ferrell","39024 John Rapid Apt. 102
South Carolineburgh, LA 39463","pbkdf2:sha256:260000$in3pbwhVEetsr5xv$12ded877a01ecf9ed81033c665d84ddea296b359704b2cf249eeff51530fbe3d"
"178","elizabethpage@gmail.com","James","Wilson","18606 Gordon Shore Apt. 893
West Wendy, MN 76299","pbkdf2:sha256:260000$SYFSFCanRUnlQ0sz$12cd2b96ca686f7cee40cd36bf0234a9497aac548e1ac98c5e754f9a673420ee"
"179","debrakemp@hotmail.com","Diana","Silva","8378 Heather Via
Justinbury, CT 54571","pbkdf2:sha256:260000$qsoyGbvGuszUfF5L$502c870181a180dd640e9787db5be0e7e0b52205de10288a8a3d1e433a04ae16"
"180","ysims@gmail.com","Samantha","Garcia","9922 Caitlin Fort Suite 798
Hintonmouth, DC 86844","pbkdf2:sha256:260000$yz5rpDuqwDPzK2d3$c020e71b753b646b0cceaa8c0424ee9359d02f922681e8e849edf5548cbdc6de"
"181","larsenamanda@gmail.com","Brenda","Carrillo","739 Carroll Parks Apt. 143
Roblesbury, RI 43177","pbkdf2:sha256:260000$mnO9visEWmaj21Cm$577b5f04c545d6cdfa4325f77c4d61d96239d21e2f4430b809360d3f3f085123"
"182","michaelkemp@hotmail.com","Jessica","Trevino","264 Carol Hill Apt. 226
South Kyleville, MD 71596","pbkdf2:sha256:260000$WKXgvJ1FL2iriZhs$c0f24e645aca14c67942a54498655fef7a836222886af8e4a57fab056a670f31"
"183","williamsnicholas@gmail.com","Robin","Fletcher","USS Smith
FPO AE 75085","pbkdf2:sha256:260000$SWz99HzYunb1ARPq$fa4e9bff6445ff0bcdeb496e6913cc2698295d6c08b8ff3742f0075d7996fc67"
"184","jasmine05@yahoo.com","Phyllis","Yu","84071 Garcia Springs
North Jamie, HI 09709","pbkdf2:sha256:260000$xZgnd4OIJw0AqBrX$8b957c575af35aab05b60b0f7e24dca0808b19a5606a3f82a73d8d3f6aefe548"
"185","stephanie10@yahoo.com","Alicia","Robinson","18992 Hunter Valleys
Christophertown, ME 65630","pbkdf2:sha256:260000$eg51Y5SJNUIjp02d$cbaf250c7377fa88cfcb39a7adf5f2dd51bfeb209066f1bbda6b6d96f3c8357a"
"186","ptaylor@gmail.com","Rachael","Marsh","87489 Robinson Street
Lake Nicoleburgh, SD 17843","pbkdf2:sha256:260000$1KpovCKbMx4rRSk6$43ff551a207761f695ad692be8edf996b1cfdcf1fb54d6e66c5f385924d07d0d"
"187","kimberly74@gmail.com","Jason","Schwartz","58846 Baker Square
North Ricky, MD 74714","pbkdf2:sha256:260000$4sTB3xtd1Z8MrudY$1c88193de7f6011a21d81c193e05948b2336e96cd378f4553c5e5f5f91590e6f"
"188","bradmurphy@hotmail.com","Robert","Knight","7838 Juan Fields
South Anthonyport, WY 25329","pbkdf2:sha256:260000$cQbezmXp98shVnmz$4ca9075896db99da31b740f57a877505cc97563105053c8da8173a6beff262da"
"189","ericmontgomery@hotmail.com","Jennifer","Patton","USCGC Francis
FPO AA 69475","pbkdf2:sha256:260000$eTKQqEkgZ2sM5ArI$b2abb59107e6cf30d3526e8eeaab29f9f0a46c4b92406105f9a942be4ba8992b"
"190","danielpowers@gmail.com","David","Combs","718 Amanda Road Suite 754
Flemingstad, UT 74549","pbkdf2:sha256:260000$jYI5U6j2BoXezhuR$cf7e3a061c0e79302dbc32e78365a885412bcf5975bd9dd5bdad470f4e65dc3c"
"191","julie89@hotmail.com","Sabrina","Lawrence","299 Lopez Brook Suite 937
Cameronmouth, AZ 69585","pbkdf2:sha256:260000$jBYs0IbE2jkLDct5$9a7477f28be0eb97ddf739705c13a6cb5a53d751a509ed35626e306966b06fd4"
"192","lori98@yahoo.com","Nicholas","Thomas","296 Zachary Groves Apt. 098
Alvarezshire, MO 19532","pbkdf2:sha256:260000$kPlqGuHpTlvC3ZWZ$417f0f7600bbb2ffd453a42b2e4710cbe60e486bfd3aa20af1d3ef43eddeda68"
"193","bradleyward@hotmail.com","Ruben","Burke","8151 Gonzalez Course Apt. 172
Phillipsland, NV 17885","pbkdf2:sha256:260000$UvU71fk9qohVtbit$15fd1bae064e0641af44446bd001747e0fd98aa694d42a9d85036b5cf931ae37"
"194","garciakevin@gmail.com","Jeffrey","Peterson","030 Carlson Knolls
Washingtonland, UT 95470","pbkdf2:sha256:260000$yuWLeTLLNj39Dqjd$158f8b8ce9175877ae877998b3798f9b9940c3d9b5fd916396685685eaf929d6"
"195","ryan22@gmail.com","Alan","Oconnor","PSC 9188, Box 7752
APO AA 14713","pbkdf2:sha256:260000$CDlxVUuHslzoQBwv$323104000ff211c27524fd5f0d235d0ea418467342482a7f8fdeb9c65670bf9e"
"196","owright@hotmail.com","Joshua","Sanchez","PSC 2157, Box 3277
APO AP 33060","pbkdf2:sha256:260000$aCtQFsy7QsajtUof$3adc71ee1c36e2aff82681306e5215d2209c5114ccd3e9a4f2e7e564306227a7"
"197","michaelanderson@yahoo.com","Kevin","Howell","PSC 3765, Box 9718
APO AP 66159","pbkdf2:sha256:260000$MOGqS5sROMx26L0l$39955453f27dcea00b31cbe87185d6f219eb7ae2324ffb4afcce6139f019cddb"
"198","petersennichole@hotmail.com","Anna","Pruitt","705 Monica Via
Reginaldshire, UT 21170","pbkdf2:sha256:260000$1SDbXzDRTmLpHSWC$4c44522d03f2f835a0b4e6cc9816a20f6c2f5c279e2ae2688ba090abc69bbf1e"
"199","margaret14@yahoo.com","James","Erickson","885 Jennifer Field
Port Thomasside, RI 61128","pbkdf2:sha256:260000$wlOUBJGynQUeF5Y4$0d10e6e312ccfa7cedd727ee0436bf32ed08b08353e6200854655e93e97582cf"
"200","nperez@hotmail.com","Lisa","Wu","46405 Steven Course
Martinezmouth, OK 27893","pbkdf2:sha256:260000$dpgd3oqPkhMf2atP$b0f45910a8e6d5827677241ff6638d719c0b34b9b64de8d1f3878805a2a8d837"
"201","huffjordan@hotmail.com","Ashlee","Garcia","PSC 2238, Box 0624
APO AA 66856","pbkdf2:sha256:260000$QVIWmcEKpZDAlxUo$f162f947c22810efb8eae1c7d1e0a16ba4e3ea35670c04f100013ee2613f4f53"
"202","tracycampbell@gmail.com","Johnny","Mason","8214 Diane Row
Lake Anne, NV 09255","pbkdf2:sha256:260000$IZ7tQnKHASQfQJwb$90544c317b142f300bf0df9f4d493cec026d73e099f45ccf0b088f22723527d7"
"203","cindytate@gmail.com","Amy","Brown","20107 Williams Terrace
Josephfurt, GA 75095","pbkdf2:sha256:260000$fZx2CVibQxTfddAd$6e24c80d1fecbbe133a874963a78a93a6da0e76d71a105e3107f93b3fc80afd1"
"204","garciacynthia@yahoo.com","Angela","Bennett","51398 Michael Parks Suite 181
Joseburgh, ME 31659","pbkdf2:sha256:260000$efHO5XXVoHFZTqIj$f778f5b5a91551e77e3e72f3dcf77cede0956b9c1ba8ef9e5a384bbe1f6fc26c"
"205","danielshannon@gmail.com","Dawn","Rodriguez","8999 William Gateway Apt. 338
South Dennis, MT 02947","pbkdf2:sha256:260000$iIDEpG9mps4XPgIO$f7bd0967ac56dd04614b27e50bd754a7eb27bc2831c862edef463d107f17ec52"
"206","jeffreycopeland@yahoo.com","Beth","Wagner","76689 Nelson Harbors
Port Adam, UT 41564","pbkdf2:sha256:260000$lQ1CB0aYxmIlQw04$4050f3f0a15691890a9ff378324183d8adc8a9aa2efc8ce11d837ff26c8decd8"
"207","whitewendy@hotmail.com","William","Davis","0117 Gonzalez Way Suite 987
Abigailborough, CA 78882","pbkdf2:sha256:260000$bqgksKsUvcpgjnPu$2249d109502cd9519fcefa4a37abc5a86aaa86e500503fda4d6f05c00fe49ced"
"208","jaclynwood@yahoo.com","Kathleen","Ball","7793 Hansen Port Apt. 932
Davidstad, NJ 57789","pbkdf2:sha256:260000$lKtVS7OMCjJZkd5W$daaaaff76284e90b2a6f97850032e07f363084beafa3a88f75fa8ac9add73d14"
"209","pvillegas@yahoo.com","Alexander","Castro","66016 Gonzalez Gardens Suite 115
Ricestad, LA 87604","pbkdf2:sha256:260000$1qWdorJ7Kv5Ltb02$0e140781d10df3171c4afa963688042ac9b8e135fb5a5d14b47d0f3cced3a642"
"210","graykristina@gmail.com","Paul","Patton","PSC 3407, Box 9259
APO AE 94832","pbkdf2:sha256:260000$52hGVSZno4sDpV8C$075acc111bad9b3c8aff0692ffca0fad3b663076f6f69499cacbd34f2e39c22f"
"211","william00@gmail.com","Gregory","Williams","1875 Brown Cliff
Lake Chad, WV 37182","pbkdf2:sha256:260000$Xb8aXWRyxKeycJjb$78ca355aba7a2ed4573804aa9be0fdfdfb77c6142de827aa07e4f3e8c3f6016f"
"212","youngdaniel@hotmail.com","Rachael","Fitzgerald","001 Brenda Courts Suite 051
Joshuamouth, AK 73527","pbkdf2:sha256:260000$z1al5fmKQInpmzVU$675b3d623dee8056004ef72c36404eb9a343045669bfaffd078758d3689df43c"
"213","floressheryl@yahoo.com","Anna","Carr","USNS Crawford
FPO AP 16834","pbkdf2:sha256:260000$JhK5MevZ1RVeMHVT$91e4c94612d61c9c92ee6611856a27c6f6fe5f9cbc4d0010c934a314f0ab4862"
"214","maynardthomas@gmail.com","Christopher","Carter","65157 Douglas Fords
Lake Jessicafurt, IL 40135","pbkdf2:sha256:260000$YLrNf0irYxU9PQaX$817a6f430ab5ba8f7574e15b93218bb8a2e20e587b7098b1b580750f122d9311"
"215","jenniferhobbs@gmail.com","Amanda","Baker","805 Holly Drives Suite 888
Port Josephland, NV 69496","pbkdf2:sha256:260000$tPcqoYucFGFtOova$25446ed1c813027355f2870b3d6b44bac385ad10076dbada66a8878079c81ee4"
"216","torreskimberly@hotmail.com","Joseph","Richards","Unit 0309 Box 6815
DPO AP 51595","pbkdf2:sha256:260000$9IxXSun1Lrl13XC2$5f80a128de56a91339a0e1f1ec0c6ecdd03871897cb426681210c3f68dc788e7"
"217","lconway@hotmail.com","Bobby","Smith","916 Jessica Tunnel
Aaronview, ID 92235","pbkdf2:sha256:260000$0ESKDfN1VmrEHRGg$b1a7c3ed6fd91da3293cf0a653fafd02e9fb3e3f41aea90ae3dab593f9c75a79"
"218","alexisrogers@gmail.com","Shannon","Carlson","0234 Shaw Springs Suite 150
Tranview, CA 99500","pbkdf2:sha256:260000$db9HZIAzEB4CFR4b$4ad8a05ec3cb820abb928611916ef70be990fd134c3d420ae0c1aaf68b2cebd7"
"219","tiffanyrodriguez@hotmail.com","Steve","Schmidt","674 Sarah Creek
Armstrongton, DE 69245","pbkdf2:sha256:260000$0gOmBXrYTjJXTuHm$55ade976e7ef3033931d34aa280550035e7441e827a7643c3dceeb70dc96eb81"
"220","ecarson@hotmail.com","Nicholas","Nguyen","98520 Collier Mountains Suite 126
West Melinda, DC 88527","pbkdf2:sha256:260000$Nnn4rl2kh6yklz8v$322222cf2c72307601fd08fd9533cb663d250251ae360bf4f6801d8ffa9f90dd"
"221","tonyakeller@gmail.com","Patrick","Fuentes","56750 Morgan Spurs Suite 411
New Michael, UT 36831","pbkdf2:sha256:260000$sLvI1FiJbJlqGJjT$bcfdab130b5c4c371d203c7302e82c466ef64ff6e25278571090d4782bd05d91"
"222","yruiz@yahoo.com","Sheri","Stewart","4309 Garcia Burgs Suite 817
New Kelseystad, VA 30712","pbkdf2:sha256:260000$NFsstlOuaF85PeiF$b08bec1a202798bdba1ad340f653570b662bf16929d7b0c0d71b9e9925dcd333"
"223","emurphy@yahoo.com","Gabrielle","Mckee","4716 Miller Well Suite 083
Christinafurt, WI 97675","pbkdf2:sha256:260000$fU9ZSGpSS58fYuo6$7873269b23f37a54f6c9b9fb62e383106cb3b48fd398f87c0c3e94f3d75b755d"
"224","christinebennett@hotmail.com","Thomas","Bell","681 Traci Locks
Ashleymouth, WA 28392","pbkdf2:sha256:260000$8zjLEedH0Wxh9jNi$04d06b6bb843b74a42f9ce2b0c462853ced5b950b0d0c3a4f8475c66c56783b7"
"225","zmayo@hotmail.com","Joshua","Anderson","31025 William Trail
Moorehaven, MI 20845","pbkdf2:sha256:260000$fIvV2UfKbfluHOoh$10d1a6524bee362fd752f930cbf77bb0c94ebd9f8ef25060aca0fe143978692c"
"226","melissawilliams@hotmail.com","Leslie","Gray","5718 Hays Ways Suite 785
Michelleview, IL 41839","pbkdf2:sha256:260000$d0OIz3gawvVKKPTI$f4a578b2eae89040989436912aecd4fcf5134ee99016f0c872c274d5888fbec0"
"227","jamieglover@gmail.com","Patricia","Young","PSC 9947, Box 5377
APO AE 91520","pbkdf2:sha256:260000$Lbt8PMAJfqSwmW8r$d75956044246b34d5952220d2ca2016ace0f3a3298cc90b45fc6270bd42e409b"
"228","jennifergonzalez@hotmail.com","Kathleen","Fowler","88875 Jeffrey Branch Apt. 672
Floresborough, TX 21154","pbkdf2:sha256:260000$xxsWhvgz97sKhJOK$521d32e86eb6a97f7871e2b883a9a5832518b62261f64f79470dbb715db45659"
"229","meadowsjeffrey@yahoo.com","Seth","Moreno","467 Christopher View
North Anneside, MA 07454","pbkdf2:sha256:260000$K4LYiUeWflP7rX54$532e47a421eaaf8791fb7ad4ce89ce7fec253378b8e1ff271451d75c56f31125"
"230","brownjoseph@gmail.com","Timothy","Mason","9234 Moss Harbors
Kristinmouth, TN 80444","pbkdf2:sha256:260000$onmMkXDwkWMEDxPq$fef7f38d450a7338d29f8b82dd0a5cf1ec294f8611db88c585c3428a96ac1870"
"231","bwade@yahoo.com","Matthew","Trujillo","373 Jackson Fords Apt. 008
North John, WI 37583","pbkdf2:sha256:260000$RFReipsrVnudu9E1$05e35f1b945534dd21508ee550188fb4403916839d1b30de1ef2b72d6e87c30e"
"232","myerskevin@yahoo.com","Robert","Nguyen","1197 Melissa Locks
Christinafurt, ID 19933","pbkdf2:sha256:260000$ltyg7wVMVQA8lkfW$ad62fa4b3c2bcd8794746d1abdb0411e09b1a034de69b9f9b66cc7361d3a9d18"
"233","loririvera@hotmail.com","Shelly","Boyle","8566 Jasmine Stravenue
West Ruthchester, IL 20228","pbkdf2:sha256:260000$RXQS87FRT51kQuu5$9dd5e852efa638d7f9d154f7d34a88c4405199e0c83ea9ed3022cf4616ac336b"
"234","tinajohnson@gmail.com","Harry","Mitchell","8006 Christopher Meadows
Lake Andreaborough, DC 90994","pbkdf2:sha256:260000$wG4UaeWeyE1B321I$f7dfa7486a358c0e9095fdd8048c6d4dc5ac6f5b3e6680be15f944fbaf205b15"
"235","danderson@gmail.com","Stephanie","Chavez","66006 Tracie Coves
Sanchezmouth, NM 37634","pbkdf2:sha256:260000$b0qgNFC53fEb7jmx$9f39bc290119edee7ff3f90fbb8c3f36a24a1781c67cedbabc3d2c641bf3da57"
"236","joshua72@yahoo.com","Donald","Cuevas","08274 Francis Row Apt. 787
Adamsstad, KS 08418","pbkdf2:sha256:260000$EnvXxb4TzKVWLhHw$0ecb2efda0b7971df657f8020db801fb8e78a59593f570d1236211f0963dd6ca"
"237","evansricardo@yahoo.com","April","Gonzalez","095 Parsons Pine
Madisonside, KS 67969","pbkdf2:sha256:260000$IIlPajafE0VRPm6v$b92d6766d22e11251e9c11f43796e486591adac7ccb41e0a9e5fe455aeadc514"
"238","iparker@hotmail.com","Jason","Taylor","33546 Ricardo Island
Riosberg, AR 90145","pbkdf2:sha256:260000$HWdwjTRUaF670ZbC$d28b3089978f9b19c3df40e83252142b373c6ebe91b0a698460ce6759996c729"
"239","logan10@hotmail.com","Joseph","Schultz","512 Sullivan Parkways Suite 612
Port Dawn, HI 95366","pbkdf2:sha256:260000$wsHiBI4giwL33ECO$b2ef8cadc1551394441f2bcd829f1876b056de1c357ec7a02d767004fba185e0"
"240","jacqueline10@gmail.com","Kimberly","Nichols","948 Smith Field Apt. 230
Kimberlyview, MA 96547","pbkdf2:sha256:260000$aqvB79X3k2tvlZg5$e47d2ef57d7239977d9e0d0383cec39255b80f630e4991bf8cd4aa57a56973d3"
"241","lindsayjordan@gmail.com","Daniel","Rogers","65293 Cameron Fords
East Ambershire, AK 96833","pbkdf2:sha256:260000$HrYu3AhGGjpfIXTq$fc3b7a9cf0f5f9ad5a73ad1e2965f6aa41cbac03c10cfec363c42e7d0fa4ebd3"
"242","timothycox@gmail.com","Jessica","Brown","390 Levine Roads Apt. 035
West Wesley, SD 28831","pbkdf2:sha256:260000$smIQXlxHz4LLQTxB$f50ec4dbce6968f018ebcc0cafe0cb2f763181f30c5f0a8dc3ff5e52c0895439"
"243","dunnderek@yahoo.com","Sara","Collins","05124 Sarah Estates
South Jamesside, ME 52978","pbkdf2:sha256:260000$tl10M3Pxr0yz5oNm$e0b347b3fd841fef46ae8a064c915adecc746904bd20f55f07cd967eb678f958"
"244","walkerclarence@hotmail.com","Timothy","Rhodes","421 Foster Summit Apt. 033
Antoniomouth, IL 15648","pbkdf2:sha256:260000$p1JEn0Zjhx2vbOeN$e81acb007a13f5c4188d76a6287a6bcfa07717643f85292373d81ba1519c0678"
"245","grobinson@hotmail.com","Kristina","Adams","57970 Michael Falls Apt. 605
Lake Kayla, IA 02749","pbkdf2:sha256:260000$yNtCrvTveLpABnta$3e8f9f283ec404d37404fc502daa9507f542554810a3596b3887e2c88047ca3c"
"246","diana75@gmail.com","Joshua","Brown","149 Joshua Neck Suite 499
Frostchester, AR 98481","pbkdf2:sha256:260000$ydfyD6enipmgKELj$367d4122e865b417648f93e0a60878bd909514f9dba87a299dd223f6a1a1eb2e"
"247","gregory24@yahoo.com","Christine","Andrews","13794 Vazquez Streets Suite 196
East Coreyhaven, MI 55759","pbkdf2:sha256:260000$pLgvQ8OmeF9mzWp9$60aaee7dea33ae1f2ee37d6fcfd85daa0ee5e8a18ab5f9cd4faf5f3a91c162c2"
"248","welchmicheal@yahoo.com","Rebecca","Johnson","USS Hall
FPO AE 82263","pbkdf2:sha256:260000$H0U951oUwIuEQkug$e3fb9f31e2b3463614a26ea7d552a00cd2216c1ded127a5c20357c2c9f9b801f"
"249","chapmanchristine@gmail.com","Judy","Bennett","1557 Roberts Viaduct
Meganton, NH 66917","pbkdf2:sha256:260000$eSIZ9ETHyn7vwjP1$ff373a154b139e0276feb2a26a5994452e5cc84a756738f16f0a615ca790c497"
"250","elizabethmorgan@hotmail.com","Kristina","Lawson","836 Tony Knolls Suite 528
West Michaelville, DE 27848","pbkdf2:sha256:260000$9saXLhNdWS9ttzMU$4effa5975643a6efdef204774ab13252ca64026efe345ff4ec1f6518e2802ecf"
"251","jonathanchan@hotmail.com","Courtney","Wade","464 Andrew Shoal Apt. 749
Lake Roberta, ME 62978","pbkdf2:sha256:260000$wnVsfOc3botYQz0N$2518506e1c3179d75df32e8df149b0fad6ea393c7770044367ce631ac7103cf6"
"252","whill@yahoo.com","Garrett","Johnston","601 Atkins Mountains
North Raymondhaven, IN 28168","pbkdf2:sha256:260000$nGgeMRiBWPnNtR75$7bd0b35fe5046a42ffca9f0978c83b146b49422b5833891d574aacc6fffcef13"
"253","lloydjason@gmail.com","Brenda","Andrews","634 Miles Meadow
Pattybury, LA 69600","pbkdf2:sha256:260000$ctmo90b2zOwLz2YR$a745e1749dff0b4fca73f44fdaad1f9bb31c194e04ba49ac5ac9f86128533684"
"254","kathy58@hotmail.com","Jenna","Reynolds","977 Thomas Island Apt. 181
Mooreville, IA 59795","pbkdf2:sha256:260000$e9pnkwiiAlNkz7do$0aa030b9a1b651750894512881a8f8f843d37999e3c6bc728aaae6845e392995"
"255","ginaproctor@hotmail.com","Bruce","Mckenzie","777 Heidi Villages Suite 953
East April, ME 14079","pbkdf2:sha256:260000$3uQ04TUlQccZdZBg$6a4bbdac90801292b637fee4232322bc3ace0e63658f1f58dca7f674a87e63e4"
"256","weissjeffery@hotmail.com","Felicia","Martin","0747 Theresa Street
Port Nancy, AL 69313","pbkdf2:sha256:260000$CRvYseRShLmZuafr$2bad02ac420ea37603383f2b8a53fd00f9727caefbc99f44e4d3af043f829856"
"257","davidsonjohnny@gmail.com","Tracy","Alvarez","373 Christopher Squares Suite 081
Carterchester, KS 38661","pbkdf2:sha256:260000$XvJhm8yPYbv4zKfK$dcac1d2fc8b2bfac86afce25f1aca2c29d449aaee83056d53a7ce9d65e4d7fa6"
"258","jesus82@gmail.com","Amy","Jacobs","0867 Sandra Valleys Apt. 512
North Jaimeville, VA 12788","pbkdf2:sha256:260000$hXDEn1OCgyDXG1xs$3ddd28dc84e58fd1e49c4285c840f8d1382524db1bb2b991b7ffed519498e6fc"
"259","eddiehardy@yahoo.com","Daniel","Cox","51469 Delgado Hill Apt. 397
Duncanville, NC 17009","pbkdf2:sha256:260000$XcCtFQWBe9tilFzX$f7dccd82a393efb2338dac2a81be38a133f009b450ed21304842d4f812a566d4"
"260","ryancrawford@hotmail.com","Patrick","Jackson","0900 Ashley Bridge
Fernandezport, SC 69303","pbkdf2:sha256:260000$nUIYt3VMF9h7RF3u$14edaf50fd576228171ea89e339b74de384a84efd8698806c51349e9ef3ca234"
"261","qbryan@hotmail.com","Cameron","Ross","2532 Warner Cliffs
North Mario, UT 93896","pbkdf2:sha256:260000$M3mpMTxxLe6gSvQO$25fb790765b53d261b0be5796ce50978bf5482346638432173a3d7143a882493"
"262","gquinn@hotmail.com","Matthew","Ray","59644 Jimmy Underpass Suite 516
Vegatown, MT 33829","pbkdf2:sha256:260000$YXzofDCQtb5iXkDK$06094d6a6580d9387488a3d4d0e2a87994e0a2439cbdba4c646981d66a13bf7b"
"263","hmcneil@hotmail.com","Connor","Smith","9719 Dunlap Meadow Apt. 627
North Mary, SC 88459","pbkdf2:sha256:260000$rWciBVWoW3v8Uiz0$91fc5d0d69d2a283592870057fd3062664edf86e08dbfed5b1d7e875ec8de82a"
"264","laurie23@gmail.com","Douglas","Navarro","959 Jenkins Cape
Leonardshire, IA 86331","pbkdf2:sha256:260000$ofH8AndWVjNWasvD$8a5a7c61e699d7f61cdec460e1615eb35a7d0145273c0a1c593ac701f6447180"
"265","rachelcooper@gmail.com","Rick","Herring","374 Haynes Burg Suite 874
Branchport, WA 65890","pbkdf2:sha256:260000$xrGe5u45AvcLrEum$a4b1fbc9fc906a3784c61f2c1fbced1a622e5619066e33b396cc25e10e1fdadc"
"266","dmcdaniel@hotmail.com","Anthony","Padilla","03675 Johnson Cliffs Apt. 020
Lake Joseph, CT 49175","pbkdf2:sha256:260000$Os8IPULI1pix2ef6$a12717a958d1732919faf6fd6ba012cba527851565626fda50f39205af9f0b44"
"267","jasonbennett@gmail.com","Linda","Jacobs","5730 Turner Pine Apt. 785
South Matthew, TX 40192","pbkdf2:sha256:260000$w4TPVNABb6lYKhUt$1e1b3d7fab84c6b8caf28fc282f3a5e8be1e103eb31a77625cdeb14977dc2d58"
"268","josephstewart@hotmail.com","Leah","Cantu","38466 Cain Harbors Suite 787
Hamiltonmouth, MO 49713","pbkdf2:sha256:260000$LK6Sg4T4acIlhXHz$d89a3637ec3cea4f249148535e3678493db9961f72ab3f0a7d462add5a9722ee"
"269","amandaclark@gmail.com","Nathaniel","Lopez","8688 Tran Summit
Grantton, FL 18117","pbkdf2:sha256:260000$BgxEvryS0b7jIpGM$bea5f57fda086a14f919d1b217d8c9432c78897310e46f52007f8bfb1a49ad26"
"270","joshua83@yahoo.com","Brandi","Ortiz","45834 Garcia Rapid
Melanieton, LA 90159","pbkdf2:sha256:260000$QLBtDpJnxqICBvqM$60cb44162ae8660a96bdeb376cd437da5fbf4f4a6b82d1694d01241b827b7c05"
"271","rreed@hotmail.com","Anthony","Brown","313 Donald Island
Port Daniel, WY 54445","pbkdf2:sha256:260000$34ZfBAhAfQoTWjYg$220dfc3320e8656e283ed160014b1eae3cba0f69257e8f1bd61f52de8612e6b8"
"272","burnettdarrell@yahoo.com","Patricia","Sanford","950 Rivera Hills
Adamsbury, WI 84220","pbkdf2:sha256:260000$c47SHYaM6rEQP2xx$a85d9133764d448ad4f8e7f0897d01833732a4d9855c6d199e51aa14f5c296dc"
"273","mrivas@hotmail.com","Mark","Mercer","67814 Shepard Groves
Greenchester, FL 03011","pbkdf2:sha256:260000$W3sHfexLavquEZvm$c548fed20a10a24b03dbe0b417876be00495ea9be288a5b6dcdf90c337918e5d"
"274","sean74@hotmail.com","Beth","Roberts","0014 Williams Via
East Robertfort, IL 83160","pbkdf2:sha256:260000$f5s7yqclYQxxUGsn$fe726a4ae2b9796dc79810d2d9a84799d8cc46870703f71a54b65213eb830371"
"275","patriciaweiss@yahoo.com","Leah","Flowers","37699 Smith Field
North Joseph, DC 86504","pbkdf2:sha256:260000$aLVsIjdmFpEH7bwd$7164a9e5f24debfcc66ad597e358f9fef40f49ec27b6773c6552d5923b617844"
"276","yoderjohn@gmail.com","Kimberly","Parker","18379 John Plaza
Amberberg, WY 74077","pbkdf2:sha256:260000$7G8Tc394Ix5czv7m$90a43bc555a8da445cc0cac6f19fbee2cfff9e43ecdf1aadccd715eebeba504b"
"277","toddnelson@hotmail.com","Vanessa","Horton","24331 David Square
Angelaport, VA 24568","pbkdf2:sha256:260000$GOajjoKF7rngfTG5$959d1f810c738e69b0c62a470b3e4d837055e2e65330229ba3a0354642af2c56"
"278","kerrynelson@yahoo.com","Jeffrey","Santiago","328 David Way
Davidborough, UT 08017","pbkdf2:sha256:260000$UCxBgS18mPtNbWNj$d0d8dd99a362dc737a25264b652cb44e4938e9cfa8f8491b8a6d821b1885cd12"
"279","larrynguyen@hotmail.com","Mr.","Jr.","5907 William Courts Suite 883
Lake Robertland, MN 83519","pbkdf2:sha256:260000$OrBsFraNSCw2UCsa$82c3cfc9a33e0c70aa72b1ec6fd3891847a7c6c6403fe83bb477cd4aa0b719a1"
"280","sarah25@hotmail.com","Natasha","Allen","740 Neal Summit
Desireeshire, ID 51639","pbkdf2:sha256:260000$6LoMyrDkOB2FJG5K$09f55f5d39b48b917b6e8dfd10170fae3092055e8f117190799aabfadbaad07a"
"281","robertscott@yahoo.com","Mrs.","Parker","633 Ortiz Extensions Apt. 082
Port Darren, WV 02139","pbkdf2:sha256:260000$XJGr3NSR2xuSQl93$7c0fc5d2a5761cf85ce6b337198d0738a15db3321d55af2234b2284dd4d56170"
"282","stephanie27@gmail.com","Steven","Diaz","48024 Brian Lock
Port Anthonytown, NJ 67848","pbkdf2:sha256:260000$L7PLhBcCrwdlT8ie$ba9075c93800f74f1d36d3932829f422f1b458f740d765dcea7b6245a18c7ce8"
"283","bryancummings@hotmail.com","Sherri","Thomas","829 John Greens
Ethanbury, ND 87745","pbkdf2:sha256:260000$kYFmYRC6NdejFFdz$634d5dc7427b93e35c795d8e8dcce1e9e602030c70f354299937d342c6a81193"
"284","stoutkyle@yahoo.com","Samuel","Becker","499 Jeremy Forks Suite 762
Pamelahaven, TX 62580","pbkdf2:sha256:260000$re4uJ7u30yMFHpq7$7d1a2e2d979f9d01a2c6607cdac1acd98843003cc3f8bd82eac2075fbc936553"
"285","smithcraig@yahoo.com","Adriana","Anderson","0494 Richardson Parkways Apt. 977
Staceyland, MT 24571","pbkdf2:sha256:260000$Wi4DyZnOligGQQJ6$e2f0d36e90e55d1067a5a71ac556546a7cce024afb4534dae9f518fde5fd266f"
"286","vprice@gmail.com","Ashley","Estrada","9386 Mcdaniel Light Suite 049
West Xavierview, DC 28024","pbkdf2:sha256:260000$ORtVJ3wb8wPRs29d$5839e874679ab52bc6007554e2c0c85156fe8557e5c652284dab80f4321d6226"
"287","edwardsdonald@yahoo.com","Christopher","Goodwin","79131 Matthew Orchard
West Patriciatown, DC 29692","pbkdf2:sha256:260000$D99wSwhafkit6UlR$0b058d6338a76250feb3fd1b40ca46e087b6b0c2de73c55b9abcba3fd4e7b641"
"288","davidpeters@gmail.com","Nancy","Chavez","326 Ronald Streets Apt. 035
Brandtmouth, KS 62164","pbkdf2:sha256:260000$gPdYWBpENOxmZ8YI$497d5889ad22d23f9cdbef33f5913e09629233a86beb9e47573eadcf74a9c73c"
"289","marieolson@gmail.com","Gary","Erickson","662 Tammy Motorway Apt. 397
South Tiffanytown, MI 52967","pbkdf2:sha256:260000$VTLfINPvJc9w3NJG$5cf4ca548c8f571242978eb8856493ffe32618927626ae45911f3f5170bea0cd"
"290","michaellee@hotmail.com","Cynthia","Mathis","8809 Natasha Cliff Apt. 364
East Paul, TN 81314","pbkdf2:sha256:260000$yv57HmGMGlMOFqVg$b19242d0e4203a65f422a2cb67564f3a1c87664261e88c64b6ccc08669d106e2"
"291","williampetersen@gmail.com","Todd","Curtis","295 Meyer Shoal
Wheelerfort, NH 70195","pbkdf2:sha256:260000$bxeRO4EWT88JGFFz$3390f813e29c2f134b970cfac8211609d52618813830babb11e5a2868da36835"
"292","valerie82@hotmail.com","Matthew","Walker","Unit 0201 Box 0352
DPO AA 57888","pbkdf2:sha256:260000$Afl1VgdSSS8AB8FT$21737ba81f24079a72f8f730ca732c055f437b21a2b16c2690e8123660dbaacf"
"293","sloanmarc@yahoo.com","Mark","Harris","15040 Delgado Keys
North Elizabethmouth, VA 01077","pbkdf2:sha256:260000$eRG04gHYOjb2t4jR$6a7fc49d08b9892d01f5500594eb202dd07c896f24d1009a25fce94a184fb85d"
"294","sbishop@yahoo.com","Susan","Williams","7825 Michael Streets Apt. 591
Schneiderborough, CT 70907","pbkdf2:sha256:260000$RitTHqilbhfDfKMi$e82ab8f7754c38fc7d669349680dc62cf8c8db164de1b57502fcfaaa1f667b7c"
"295","kathrynraymond@yahoo.com","Kelly","Pierce","6915 Michael Pine Apt. 666
Lake Krystal, MN 76358","pbkdf2:sha256:260000$CNdneDZYUkJs0hBB$83897bc03fe3868216948221c8fc580bddce50ece0ae73c7ec518a0f2884ba78"
"296","michael91@gmail.com","Janice","Meza","40249 Griffin Unions Apt. 568
Williamfurt, NE 35370","pbkdf2:sha256:260000$0IVXzBhxpyXpGm6X$b5b8547517587970d06680dd737029ead2315e5dd6b01ba3560cb18fb294bb7d"
"297","ivaughn@hotmail.com","Joseph","Villarreal","8590 Love Spurs Suite 967
South Rebeccahaven, TX 60277","pbkdf2:sha256:260000$qKwchtjjwYpYINFx$e9c645cd1291a8e3ce3a07b1d708e35befdf4b29052d5ffc639b6251f4d8f25d"
"298","paul69@yahoo.com","Stephen","Hammond","PSC 7908, Box 1268
APO AE 45293","pbkdf2:sha256:260000$8W1XVfQAehp7ruxd$3969c06237abede748f6c1f8d1d48e0626c25d0584ebdeffdb33ae521417618f"
"299","ochapman@yahoo.com","Michael","Hardy","69793 Jessica Center
Joseport, UT 84297","pbkdf2:sha256:260000$lDZ4SMqI5FSYGLKM$00567cf6a72a89b5c536afe04db9a92f3fe0e9d58a72b6e24ac7024a52cd8681"
"300","khunt@gmail.com","Joseph","Parks","481 Lopez Run Suite 290
Crosstown, DE 62510","pbkdf2:sha256:260000$hvan0gvMGZvQpJdu$e40370c5247e0c2f4b4626320275baf8a9cf837a13f237b12fed8e3ff2fc2976"
"301","eflores@gmail.com","Carolyn","Kim","906 Brown Station Apt. 785
New Ashlee, NC 81859","pbkdf2:sha256:260000$qYpnAAonBCvaZwLS$b69bd31c11d07df8ab3cc70cd22211948ce844f4cb6f51628c9c2b6ade21bbb0"
"302","llopez@gmail.com","Kevin","Wood","46743 Tammy Rue Apt. 814
Port Connieborough, IA 63170","pbkdf2:sha256:260000$HRk4ePc8wGLMmJZW$c75e0a3f0a275ac11ad1c0d9664057098f2c02e521a32df4b385846465081d17"
"303","meaganmartin@yahoo.com","Matthew","Carson","988 Kevin Wall Apt. 515
Farrellborough, MO 52929","pbkdf2:sha256:260000$wGTtWjz4Y2O3Zmmg$e521f30fcbd373daf7c036b176515685cd70a9278e691717c032b011866fdb88"
"304","brobbins@yahoo.com","Daniel","Roberson","05819 Debra Crossroad Apt. 434
West Jenniferbury, CT 15119","pbkdf2:sha256:260000$bzjJzkVqgYmJAALY$9672ba84126cbb13e5454c3f17bcaf1ac2e4c92db96f2b68f3e4dec563bd8ca7"
"305","joshua22@gmail.com","Susan","Waters","8548 Schmidt Highway Suite 937
Ballland, OK 62093","pbkdf2:sha256:260000$TTGNusRbhPHvcHWR$f922d431df7324c068dfaa133a18875915842502865eefced3194f9b75d0c687"
"306","johnstongerald@hotmail.com","John","MD","USS Garcia
FPO AP 71250","pbkdf2:sha256:260000$TEXktnqA0XYvcfyS$1dd395ca0e671c83755d0ff7e74796c4c47b834e60c521926291e1cefeece6cf"
"307","jasminemcdaniel@gmail.com","Christopher","Fuller","PSC 8920, Box 7163
APO AP 62103","pbkdf2:sha256:260000$kQpjTTCaQ9IPybbE$8020f18d684d5f6acbfab3b08a678b2739431808ce67e1037aa9f56f8b960dfa"
"308","meyerkathleen@yahoo.com","Savannah","George","1606 Rodriguez Isle
Moranfurt, OR 93032","pbkdf2:sha256:260000$erDyqLv8B4aMcYDh$9013661a0d6b95095e160d2691c3528da4bb4fe1f3c6f3bdfa94b1d9183717ee"
"309","emmascott@yahoo.com","Lori","Leonard","9381 Hunter Union
Ebonyville, NC 46801","pbkdf2:sha256:260000$6eNEtwhVWrOKosHf$93df136469f9f714dce335865cc45dc511889dff29486d3917a57b1e7b5a8267"
"310","jacob44@yahoo.com","Alyssa","Matthews","9458 Miller Rapids Suite 321
Dixonmouth, SD 88833","pbkdf2:sha256:260000$bu8BJ4jcS6ssQMyF$036a429afde61d55463728a7860899c43b3d3a91ce607823eb4c61ea783deb29"
"311","ashley27@yahoo.com","Mr.","Rodriguez","10142 Katrina Summit
North Randallland, ID 20602","pbkdf2:sha256:260000$PDiCyJ9RvBCreRDL$2d9c92585e05ff3763c9c64931506d7f8b659a5d04d4ab06919deca6693a2ecb"
"312","christinawhite@hotmail.com","Christopher","Martin","2979 Diane Island
West Nancyberg, RI 18459","pbkdf2:sha256:260000$eM44HwDCsQhI2GoT$0f8460c1cf756d15e00f6d5623aabff23ccfb642009644ba289071f79364d123"
"313","richardvaughan@gmail.com","Michael","Brown","8568 Walls Locks
Jeffreystad, FL 07467","pbkdf2:sha256:260000$PkOrGwPAtzNQ2jKK$c009a71906f8aad03a75d6f6c3631882e89d80fe2d54b251e0813830b28a3cee"
"314","eruiz@gmail.com","Mrs.","Jones","624 Robert Circle
Nashmouth, NE 94992","pbkdf2:sha256:260000$qQ5ALW5urwHuIxzl$f0e5e38d5da1923e751d49b6b8ead89191c1cc84660a42df97174b1c49c4f0d9"
"315","craig07@yahoo.com","Larry","Yates","USNV Jones
FPO AE 66901","pbkdf2:sha256:260000$ogSmf04onNNw80Nf$df76630fbd0568d84716741d9adfb450caa9a12cdf183b82a8398f11167db8f0"
"316","william35@gmail.com","Cheryl","Smith","9687 Swanson Motorway Suite 252
Jonesborough, AZ 90349","pbkdf2:sha256:260000$mLKJD796YgWA31r8$1922fd5a47dd48ec00e541d9a646c6c5a3d7e2c84ba88e61037b864a15af019e"
"317","michael04@gmail.com","Dawn","Roberts","USNV Vang
FPO AA 59715","pbkdf2:sha256:260000$Rx34eoL5D0nDBHno$9c1c37252e4e5c7bae033120dc38725ed354c61d199c59bf30c9d525af6bf32c"
"318","timothyberger@gmail.com","Penny","Joyce","27067 Richardson Squares Suite 163
Joshuamouth, AR 64642","pbkdf2:sha256:260000$udi7QKY6P91fTI8V$968ece5cef496743339251860aec2982d2fe1dce09569dfa257cf455267c7203"
"319","mcmillanpeggy@hotmail.com","Patricia","Davis","334 Stone Divide
Morenotown, IN 59679","pbkdf2:sha256:260000$OLFeY1SpKbBpMI2K$55ec648eb5ff587e814596e17e9a9b68bcd5ae85b5166a655dc7008312d2dadc"
"320","uburns@gmail.com","Andrew","Norris","5202 Sullivan Junction
Port Douglas, WY 79094","pbkdf2:sha256:260000$kJvG3iiKZuStyJd0$89893a7add5e5fdd1f2d5663a74f61271e833b0b5c7f2dac155a09cbcb873dbd"
"321","obrown@yahoo.com","Teresa","Fritz","38625 Williams Parks
Lake Elizabeth, UT 45153","pbkdf2:sha256:260000$tcmNvh5sXfnd7s4Y$78b6b6ff21d452f0d86b3e44ecac6c3ea532a7ecd73c3bcfbbc78e881e0ec6d4"
"322","milesnathan@gmail.com","Ann","Lam","212 Phillips Ridges Suite 812
Port James, IA 37102","pbkdf2:sha256:260000$FfwFQBYRqZN583Q1$8c07da94117144613907abc324518cd7a993094c17a2a85fd457f4905a9b5bfe"
"323","lisaperez@yahoo.com","Jessica","Cain","7912 Brian Expressway
East Leehaven, WI 38560","pbkdf2:sha256:260000$qJKxH0rD0AKWRIA4$d7750e055ab27efba761acb30d27dcbc9d9269fed9fef82e7e39f3f974cbee73"
"324","burtonchristina@gmail.com","Anita","Reese","634 Allen View
Lake Pamela, MA 87972","pbkdf2:sha256:260000$bcwjrOVRxLyoN0Hj$b23678bd2117d16d5e4b5ff119eae293e7132d74de6d025ff36fb5cdc911fdee"
"325","andersonlori@hotmail.com","Timothy","Knox","09813 Timothy Stravenue Suite 103
Fostertown, IL 46722","pbkdf2:sha256:260000$04doY8vXO4R5mcw7$9a3780540db286a55023951d69e0b83b01d0e653b0e6a1fbaa2d724fd3fd303a"
"326","robert74@gmail.com","Bethany","Herring","5656 Becker Gardens
East Katherine, CA 35404","pbkdf2:sha256:260000$FOLtHoDJDMgCq6yu$faf86ccfc1c9987d587d8f3cefaeaa71b8830c82e91749e9f1c214733a23ca93"
"327","tcastro@yahoo.com","Dawn","Davis","362 Shelly Villages Apt. 875
South Benjamin, MD 71419","pbkdf2:sha256:260000$ZLeUkZygJx8GTbWa$9909f561d62d81904ccb19204bd20ce7a41baea18efcfd7c1b813fbf9c3cfaa8"
"328","woodpaul@gmail.com","Stephanie","Powell","769 Randy Forest Apt. 937
East Leahmouth, CO 69225","pbkdf2:sha256:260000$n9iuY9GLGMIHLaas$5174a939f395d66f5a130d0653f1b06cd17c5ad0bbd39461ed2e90d5e442ee2b"
"329","ricky62@gmail.com","Paula","Brown","64637 Brown Court Suite 130
West Zachary, NV 56961","pbkdf2:sha256:260000$mhFiSASymGr4ZZiC$f276043f362ca27ba8a9045230dbafbae562917dd4c8d40aeeb9b927ccf49867"
"330","watkinsheather@gmail.com","Tiffany","Bryant","9178 Mario Turnpike
East Danielleville, WV 94136","pbkdf2:sha256:260000$6hQICA1Euc4fb44I$eeba4eee2dcb3aebccd048ba1913c1e353fe1bac8406a3af21ba044d3ef10216"
"331","judith12@hotmail.com","Charlotte","Nunez","Unit 5508 Box 2187
DPO AE 16417","pbkdf2:sha256:260000$UVRrOwfhNvyt4Xgh$bf7540f6bd68c83e84df63b95bdb2b9958540e91955106b2974532f5cba828b3"
"332","andrea36@hotmail.com","Susan","Dominguez","958 Kyle Springs Apt. 526
West Amanda, NH 02844","pbkdf2:sha256:260000$LshHNuyqrCQH4pXQ$93f71e1d57865dc591f9518411ab114494ee60e1fbcc6756fd51becb7e288a8e"
"333","grayrebecca@yahoo.com","Molly","Hicks","34283 Emily Center
Lake Jasonville, ID 28064","pbkdf2:sha256:260000$jrhGgQRLSqMinzWF$98efe7641a85fa11d33dfd319bd969c082f46b236ca96dc926f6b2dfd831cc93"
"334","sarahpeterson@yahoo.com","Gene","Jones","0627 Sara Meadows
West Michael, SC 42008","pbkdf2:sha256:260000$Zg4FUKttPQPPrEDk$17fb072ef48df20f256be4e71a82c21056a1c0acfd5edce5b7bcb38f9ab0823c"
"335","zachary18@gmail.com","Maria","Reed","4333 James Loop
West Andreaport, IA 21980","pbkdf2:sha256:260000$k5Nx6VgyEvgnYelF$235ba52be065220e65ade73bf3a2b16fd6631b5541581cebe98dadef72c328eb"
"336","brookebrown@hotmail.com","David","Daniels","40469 Amanda Valleys Apt. 855
Port Stephaniehaven, MI 28469","pbkdf2:sha256:260000$KDljGX4fC42wOCwi$757aef07f8a333703176425810ab2fb178afedd8921e6c1b3dd9c521cd3d4c6f"
"337","cody15@gmail.com","James","Owens","35870 Daniel Ville
Juanbury, KY 71595","pbkdf2:sha256:260000$lQqBgwh3p35n3Usu$a838a09bfa70ed6b50805602bf425b396d215b5f0108da3a8f0875ac59d08dbe"
"338","scott17@hotmail.com","Suzanne","Williams","216 Maria Hills
Brownview, MI 64392","pbkdf2:sha256:260000$C427Jy4OGczj3pu3$09de059623e97e8767aa695309860d6eff7b8eeeea63cce32244c405441e9d74"
"339","douglas72@hotmail.com","Julie","Cox","PSC 4959, Box 4878
APO AE 50801","pbkdf2:sha256:260000$RhmdDeyqvZfpk3N8$3e9601b397bab9ed972c59263c89a4d178a2534d4577db448319a6295d800882"
"340","wilkinsontara@gmail.com","Amanda","Preston","326 Kevin Lakes
East Amber, ND 18187","pbkdf2:sha256:260000$eeVZEe0X1uFKyb6b$734b29bfa80079481fd489e39011d16a94d38278974d8bb2ad199273e0e5c945"
"341","dmartin@hotmail.com","Cheryl","Steele","465 Elizabeth Flat Apt. 232
East Christineshire, OR 68793","pbkdf2:sha256:260000$joDqVWBVT5mTU0tk$2b6c49b0d96ec6aa7ef874163745548c4af16513535685045e5c680e2609087c"
"342","wmarshall@hotmail.com","Christina","Jones","66019 Christopher Crossroad
West Maria, ME 51732","pbkdf2:sha256:260000$KrksI2PclYlcL9YF$c24c19db7c59040afec5572aee0d0b1f1df04a19e04c59f2945745a846ace6f6"
"343","angelagonzalez@hotmail.com","Bradley","Serrano","942 Holt Island
East Morganchester, NV 60482","pbkdf2:sha256:260000$wGnZNntSpjADW6ry$8f92a62ad788fa96f6b662b786c4b2c58df4cf2836912468fa3da45e06eb7816"
"344","fhill@hotmail.com","Jeremy","Green","USS Mccarthy
FPO AE 25241","pbkdf2:sha256:260000$hLGzGtjwUzfqyhju$42c5cfe59af817c21fae96e2224b256e87c6e4e267368210364e0412adb1dc22"
"345","jflores@yahoo.com","Dalton","Lee","563 Savannah Lodge
New Rebeccastad, MI 27012","pbkdf2:sha256:260000$98Zc4A59MVpRAYs3$8719649b6d62e18f06c6b2d0e80ab5bedbfe03663d9f36926cca1f98b2940cdc"
"346","marc06@yahoo.com","Aaron","Ford","632 Sheri Mills
Edwardshaven, NM 42529","pbkdf2:sha256:260000$Md8S0zlwkaoSqxl4$16d91a10ae67f4c3b4b0b3bf7d175ea0f10bfd4a2f7abc4173afd28be901ef4c"
"347","watsonandrew@yahoo.com","Michael","Chandler","2077 Burnett Isle
Lawrencefort, AR 22779","pbkdf2:sha256:260000$gW1CR70QLaBkfZYe$3c05b7bd33cdb469db2f0d59b134ccf299ec4b00fa1a4e1a84b6e1f60eb65fe9"
"348","icardenas@hotmail.com","Jennifer","Payne","487 Brandon Islands
Lake Dominique, MO 12707","pbkdf2:sha256:260000$sJKhioR6htKm7a0B$b702cc2c115e43421779c87940fb261522d7bd3c0f04dbd9248fcd41eb4b1aa5"
"349","bboyle@hotmail.com","Casey","Marshall","380 Lisa Mountains Suite 328
Lawrenceside, MA 15949","pbkdf2:sha256:260000$cbFqJw9njUmzwM0I$63b31623c0e2f86dc527658398658f612a7f291f20d80323d1e1ff7fa92ffe9e"
"350","chrisedwards@hotmail.com","Karen","Hays","0533 Tracy Run
Kingburgh, MI 74729","pbkdf2:sha256:260000$1l3eS5MuGSBmSLLQ$40dfc925d0131d82f1b24887e8d8f3a64c8902b8d943b133769e6e48841aaf24"
"351","dhall@gmail.com","Walter","Barker","713 Schmidt Village Apt. 171
Lake Kimberlybury, LA 18517","pbkdf2:sha256:260000$cld0yOfXCHeaJoga$61257511251e53df0c5449a789336afab7d6d4a5e0ff12ef495c97a5d342fefb"
"352","hschmitt@hotmail.com","Lindsay","Cooke","18754 Mitchell Green Suite 437
North Jennifermouth, VT 55431","pbkdf2:sha256:260000$4ha5GuTHZ6gAwEgi$0836547ee9eb923b084b0a636930654442ce2e5bb6c01767360165b5b782c520"
"353","wrightdiana@gmail.com","Jose","Martinez","3365 Howard Row
Ianton, NH 61557","pbkdf2:sha256:260000$aS6OVThRmCzFAK6y$70ef227f23b9a3724e452c907a37970f4b7eb00cea5aaf9b5bda668a91d18d2f"
"354","tlamb@yahoo.com","Maria","Bradley","4982 Mitchell Keys
Brownshire, MA 57217","pbkdf2:sha256:260000$C2zbon0AJd9bVtE6$6f5fc1469845a3ae6b01b8f5c2867ee459d62bcbe815240dd07ecc5d5ac0f4ed"
"355","stevenbrown@yahoo.com","Jennifer","Foster","832 Owens Shore
South Eric, AZ 61182","pbkdf2:sha256:260000$V9gnqnnSY67TZHEp$8e897c9925a8c7b8e7456a8014882fae195b1f46428ff000a1756fe4f66e302b"
"356","gcampbell@yahoo.com","Ashley","Bell","901 Diana Shoals Suite 765
East Bruce, DE 92917","pbkdf2:sha256:260000$hbE4DLbVhIPpIudl$60264b83220bd2f1a3d056518092a284ccf4e053a6b1abbd06bba41cc721100b"
"357","sanchezpamela@gmail.com","Dylan","Murphy","3260 Jason Flat Apt. 875
Danielsport, IN 62213","pbkdf2:sha256:260000$KleReMiqGoejoL2F$930d5f43778eb5339cedb9bce3ed99892462942d4d072de7e614a6f17f5f8c89"
"358","owest@yahoo.com","Jose","Williams","6029 Seth Court Suite 667
New Gregory, MO 38233","pbkdf2:sha256:260000$NhkfifxKbUSOUKRD$e671c53363008b1417e81d94a63ea74788eaad3cc83a8211965a56189dc1d7d1"
"359","christine97@gmail.com","Lisa","Hill","46564 Charles Isle Suite 486
New Richard, VA 05085","pbkdf2:sha256:260000$r93vI5hmlhHTBCTU$5ef512650a37238bafd6acbc3691911e3b3e4c02d4c503f555525ad1e2b3697c"
"360","tracymurphy@yahoo.com","Robert","Steele","878 Nicole Isle
Perkinsborough, ID 45321","pbkdf2:sha256:260000$RqtCyDZiSnEie50c$a4e9468038e05f3821d13120692ce01ca11d4dbe6bfd560cf3bda6023f28161c"
"361","pettybrandon@hotmail.com","Mr.","Gilmore","9521 Jessica Meadow Apt. 202
Atkinsonborough, SC 17692","pbkdf2:sha256:260000$NuhzJUdnuJCcTH2j$f0942d7e81bb5ce80956661880e8b191fa83538784da7811f9508ced208dcf69"
"362","matthewdavis@yahoo.com","Shari","Berry","5221 Huber River
New Angeltown, MA 86465","pbkdf2:sha256:260000$ryKdbV01D797yGbx$a40c773e751ae42aa91d44d1d0f55165f83cfe65a3aaca0171a4278c69c02d5b"
"363","lewisdeborah@hotmail.com","Jenny","Benton","204 Harris Tunnel
East Anthonybury, NH 95572","pbkdf2:sha256:260000$Fw6s6asrtrTWPPRL$df79c738b81b789a1166ebf6b88276384a8014d1ab10de2faccb1800d21455f6"
"364","nancy75@yahoo.com","Derrick","DVM","PSC 3487, Box 1652
APO AP 55714","pbkdf2:sha256:260000$h0GKWK5jC2iJmZfm$2d22448402affbeca46a09aeb29d9ee08f76dc8f2d3ddc94842d48188aedf022"
"365","edwardslinda@yahoo.com","Marvin","Lang","77441 Marshall Island Apt. 005
Michaelview, DC 35553","pbkdf2:sha256:260000$ZE9EWKUyfScbBYOh$b1915736fc87ce3b43bc5297c45c642859e79f214fbef1f48d350632d29a6ed4"
"366","sara06@yahoo.com","Randall","Sullivan","PSC 9026, Box 0786
APO AP 59521","pbkdf2:sha256:260000$tb8GRK9p8PexI3PE$79ae5237ad231eff9a18a87349dc27771ec3355a6ddcf6517cb86268901851ca"
"367","qschwartz@yahoo.com","Jerry","Knapp","991 Haley Walks Apt. 982
Amystad, KY 54622","pbkdf2:sha256:260000$Vu1Bj3sEcRlgxYVl$dd4331c2ffd8696eab3d08cd275d7f57acbea73035b15bc36812bcd7fc1ae726"
"368","travis62@hotmail.com","Mary","Cross","Unit 0619 Box 1463
DPO AP 40652","pbkdf2:sha256:260000$kORPoELIspFoj3Qh$1a330644a3d86dd59c1095d20fd50a38182b63632a8605a560d11101cdd3dbe5"
"369","hbrown@gmail.com","Julia","Cunningham","8446 Hughes Locks
South Tina, MO 84664","pbkdf2:sha256:260000$ojk1D5SaeXFBR7rJ$4fb6a8f209967077db3a59a2584a6392c3158d0d6c294539a2001d33be6ab314"
"370","sherri01@yahoo.com","Amanda","Farmer","4942 Jackson Path
Joelborough, CO 10519","pbkdf2:sha256:260000$wjIGLmuPDgoz89ci$e79010f8dda867f4a387b8a1c12be45d2bed6f456d7fb0084de09ca583a6d655"
"371","carrie84@yahoo.com","Austin","Cunningham","6938 Reyes Circles
North Erinchester, NC 18546","pbkdf2:sha256:260000$pVLvEcwtufz8yeLN$207f8b589496bc3f6b7f539434b1fa2e315437aa2907e4fe99f7d6e5b7ced5ea"
"372","jenniferle@hotmail.com","Catherine","Stevens","391 Chelsea Freeway
Hardinmouth, RI 74346","pbkdf2:sha256:260000$jLJ8gDdMCxWNRays$1743709f1c7cc1bef631300a3a37a1459397868d1f792ad014d440b7c39d5c37"
"373","michaelmanuel@gmail.com","Jose","Gonzalez","95640 Cook Mount Suite 504
Rojasmouth, KS 43477","pbkdf2:sha256:260000$ezAVoExF89poGKzD$dce6e13cbc41e5205ef10ebd4a53a8765fa5c88b47e06d1b629fe91ead35ad9f"
"374","sophiajackson@yahoo.com","Brandon","Cuevas","USS Montgomery
FPO AE 39585","pbkdf2:sha256:260000$Tycyb77ISHkzIZTO$c962e3cfa91bb1b490588bf350251aa4d71353c16ea5857dd03f0a328dc780ee"
"375","zrobertson@gmail.com","Margaret","Koch","41086 King Mews Apt. 740
Susanland, NE 39247","pbkdf2:sha256:260000$SZxiV7UtBfRsuj8K$025722f23838e687539a6edf3e2fc9186fac259d780c304b374ea30a74fe8bca"
"376","prios@hotmail.com","Paul","Moss","00643 Khan Loop Apt. 783
Davistown, MS 24525","pbkdf2:sha256:260000$EUK2jFCWkNafRV56$0e9d26f9ce4b7f6822188b76e9b95378f3bc183505d8f408b0207e92dbd70ae6"
"377","johnnyhernandez@yahoo.com","Danny","PhD","5725 Warren Fall Suite 783
North Sarahtown, DC 65958","pbkdf2:sha256:260000$f0bcluwTBMDgudRy$f4675894678734d99d231c13fb0acf60210872b12cd65dd216adf867f63e0e17"
"378","jamesmyers@hotmail.com","Deanna","Wilson","913 Alexandra Ways Apt. 838
Carrilloborough, DC 89705","pbkdf2:sha256:260000$ksPyEohCE7hyZQmC$56dfb63a781d7baf755bcd5d8e2a8dcbd154f524a18d4cd2b7cb044df69a6c85"
"379","bentleyjennifer@gmail.com","Amy","Campbell","998 Dodson Estate Apt. 573
North Carmen, ND 53892","pbkdf2:sha256:260000$jCP2L8yzBNoxj4rw$f7ec5e84b3ace997fbe8116d3b3bfe3bfc0cc34cd2c61acbb03f34a4cf48c06a"
"380","benjaminbrooks@gmail.com","Amy","Maldonado","USCGC Gomez
FPO AA 62077","pbkdf2:sha256:260000$sIU2EC526SZZfOOh$8e99b9aedeeb789b5423aa094f48e2afa0b3774bb92a64f606c057bfc32bdad7"
"381","lopezgerald@hotmail.com","Jason","Young","66905 Stewart Loop Apt. 944
Port Christinaport, GA 44999","pbkdf2:sha256:260000$RwsAlUlb2Jqi0gdT$4a85bcfe443fc277438ac634ac9eb271edc672d133218f843da2648fe69dfd6e"
"382","christine76@hotmail.com","Chad","Price","626 Dean Station Apt. 138
Lake Maryshire, KS 86375","pbkdf2:sha256:260000$PnrXUi75sQPlkwuf$aded3676572c9f55ee36de40bedc1d7d275862333bd2562f1251d49aba0b4700"
"383","ryanrobertson@gmail.com","Holly","Rice","2071 Morgan Ville
East Melissaton, MT 06426","pbkdf2:sha256:260000$Mp42t2B3vMCtE67b$68180f46dfe3b67e03c94c674c0f54b73c3ffabd07b82bb71253880cd0a90480"
"384","taylordaniel@hotmail.com","Antonio","Strickland","8799 Payne Groves
Seanshire, MD 55396","pbkdf2:sha256:260000$FZzryDYu0HoXg4MV$22cc622f46613076e24ba6cc177bd9377e4d0e6d2d424054b4df6dd66d9c90dd"
"385","jonathanturner@gmail.com","Tracy","Lopez","6419 Diamond Cliffs Suite 465
Davischester, UT 03971","pbkdf2:sha256:260000$lnUHHpSQJU8JT1BD$30e7ec21d3bcb42244fad4de7daa6b954004ab88752ede954e6bf5d1b72b3f7a"
"386","kimberly06@gmail.com","Kathryn","Miller","723 Burnett Rapid Suite 927
Rogersfurt, NV 64717","pbkdf2:sha256:260000$tUIokLzUYCIAdNF2$9ce37674a7bb7ba8c476f4decfe9747d5e152786da399815817b1ca99779481d"
"387","brittanygarcia@gmail.com","Vickie","Dodson","300 Maynard Isle Suite 592
Paulland, MI 64438","pbkdf2:sha256:260000$mqo11fX0mhWwCyUs$491d63244cef0a63236e86c920690e8a4f0f91fdf8631fe1d805c1171c625331"
"388","robertsstephanie@yahoo.com","Adam","Wilson","2788 Flores Stream
South Tammyshire, FL 05988","pbkdf2:sha256:260000$gTRFAhfyIOxIvsr3$9c3abe4a4a3c192886734f6c048f77de42844a501a74f7daa7abaa5fda1e33b2"
"389","zboone@hotmail.com","Dale","Vargas","40957 Alicia Vista
Kirstenchester, KS 70942","pbkdf2:sha256:260000$2DHRoLj5Be5doqcI$ee756bc3a92a21f2fb79033048e1912d4d5cc071f9e297b23b88600d70ef6d19"
"390","hpark@yahoo.com","Timothy","Lester","7575 Gene Rapid Suite 468
Andrewville, KS 86407","pbkdf2:sha256:260000$jZNdpMChMCikzEt1$1f6347641d8590def4a7b9aaec88f51470f21461db8a54ffd8f526d281e2e681"
"391","djohnston@hotmail.com","Jonathan","Jensen","099 Deborah Ford Suite 612
West Manuel, NY 72026","pbkdf2:sha256:260000$7k1Zn66p6TEo2Krd$fef55d9b7a45e0c8af8009de5a4dfec2ed01caf35a7c4cc130a3a844d792778f"
"392","kyle75@yahoo.com","Joseph","Daniels","6277 Phillip Trace Suite 238
Lake Joshua, OK 58905","pbkdf2:sha256:260000$1p8XjttqbI7F7npJ$3787934a77eab5526ff44da71e7439f2372563a1096e826155b50db1af0609c4"
"393","robertsemily@hotmail.com","Olivia","Baker","279 Teresa Mount
North Jason, IN 87050","pbkdf2:sha256:260000$VfaxE38VEozQ6tQ9$4fdedc4355077a74ed0fe8b85c1bf1ef8760c497ad22ca429007a61ed490aeeb"
"394","linda31@hotmail.com","Lee","Graham","016 Shannon View Apt. 936
Baileyview, VT 15431","pbkdf2:sha256:260000$ChvlMKOIeZ5dIzj0$a658ccd955fcbbab3408653ba66ef403d3bcefcbbec4c0acc93fd424965cfe38"
"395","edwardstewart@gmail.com","Kimberly","Olson","49363 Alex Street Apt. 797
North Aaron, MD 38040","pbkdf2:sha256:260000$dkSBJ6b1LquFRkXY$73a4fed07f2d1b320c0aa47725dc033c20d3ed6c76e48e8b46b34d84307837d4"
"396","davidsullivan@yahoo.com","Lindsay","Reed","609 Mckay Mill Apt. 427
Hollyside, UT 87169","pbkdf2:sha256:260000$ASwDdotajdZdGF3H$d679cfc72e3d8af7b3cd97d06582fe5499bdff82691e8bb497cfa296b1581984"
"397","robinsonmichael@gmail.com","Kathryn","Hampton","512 Lee Port Suite 734
Stephanieport, NC 69695","pbkdf2:sha256:260000$UUfXzNttdOafjoAm$b3410fedc5ce008c190afc21286d6237659b983ffa7dc0799a39394bf8b5fcb8"
"398","friley@hotmail.com","Matthew","King","4835 Paul Summit
East James, AR 79747","pbkdf2:sha256:260000$ASzVyTVardFvyX5j$5ba01490cc845cdcf43e3c3ad27f1508340543d292f7ee3f62185bde004139c2"
"399","earnold@yahoo.com","Marcus","Robinson","377 Neal Circle
South Sarah, VA 88636","pbkdf2:sha256:260000$PQ6uqecDketziXjJ$2d6eca05b73edd21d46bf08261ad7cd3afc165da0b12c45449e78aa649eae2fd"
"400","daleglover@hotmail.com","Michael","Carson","838 Woods Orchard Suite 311
Sherrystad, WI 21164","pbkdf2:sha256:260000$ympOz6zcqVbQBYPe$d5f751faa1bd6e24b943dff1bbf98345eff25ef55cda32708f09d5069d239732"
"401","collinsmichael@gmail.com","John","Roth","993 Tucker Shores Apt. 177
South Andreafurt, NH 12847","pbkdf2:sha256:260000$7PuwZbxKBXqZ4Jjk$8d9a3a43efb3dcbd143f3d57fe03937db48bf71da5d463a373de4b1b787f8025"
"402","steven58@hotmail.com","Tiffany","Johnson","650 Kathryn Circle
East Karenshire, IN 61054","pbkdf2:sha256:260000$eYE7kvsGNU4eOAEi$f0eeeed44111ec77d2d596cf0fcd9b50f4650ea0a2bd9b4dfdd105b9301361b2"
"403","felicia07@hotmail.com","Emily","Robertson","PSC 2449, Box 0781
APO AE 63675","pbkdf2:sha256:260000$sXHpT80IzaOeWnEh$ca9ab0116e4f292be816084f8a98f17a4a936c2845ca3d5f17bb86eaf696eb64"
"404","cjones@gmail.com","Matthew","Cox","124 Patrick Walk Suite 533
Port Benjaminmouth, PA 11920","pbkdf2:sha256:260000$fh5bo9kzLtcsU3sw$22cce1318795766b10d7a088c10b94777381a3e7626512f9770c942fc394574b"
"405","revans@gmail.com","Shannon","Thompson","87335 Moon Pine
East Jessebury, KS 08736","pbkdf2:sha256:260000$ZFkEF2Cowd6YASIQ$00fadec094494dbbc5ce74fc30a782a8fac4ea220adc838013c5e4367cda40fc"
"406","hhill@yahoo.com","Kelly","Martin","658 Mendez Tunnel
Port David, VT 91797","pbkdf2:sha256:260000$TfHqlJENxso4KNI6$2cb9a1ea485b4ba5ba0584e8969732ad284f5e5c987008c34e7b99cf2f6ed868"
"407","randygarza@yahoo.com","Justin","Frye","7364 Brandon Meadows
Jimenezchester, HI 06035","pbkdf2:sha256:260000$T24q4E8jbZfrZ6UD$9ddf88e06e6330b0751264a1bf7cdd3be0013d8f7e1cac0c6361964ae586f29a"
"408","meganevans@hotmail.com","Ann","Patterson","PSC 2674, Box 5268
APO AE 99415","pbkdf2:sha256:260000$6SQwdt9dO5Csqaso$dbdc61088483d810774cfa133688cfbd9a992b89d0970fbc0b206eedce9dbe79"
"409","youngkyle@yahoo.com","George","Alexander","8512 Perry Island
South John, IA 01481","pbkdf2:sha256:260000$cSpBTqPjq1x9rhzI$9bdc0e510be232bd80841721be6423cc5f236e9054d1b8c83ad664b385751eca"
"410","banderson@yahoo.com","Andrea","Stephenson","7727 Micheal Squares
Whitemouth, TN 49131","pbkdf2:sha256:260000$gtqFP6vHERNMVnOJ$083b053626c68833ce439f48dd4e82050f7d2451f0752c5458018963a3ef4e22"
"411","patricialucero@hotmail.com","Marie","Leon","084 Juan Fields Suite 446
Colemanberg, NE 62236","pbkdf2:sha256:260000$hjlNFQpWWdedBavT$b5b3250fcdb23cf68a439db4203d5ab362c6ee06aeac18d13f4e4700a35558e8"
"412","jessesmith@gmail.com","Charles","Petersen","4474 Ward Road
West Heatherside, HI 82174","pbkdf2:sha256:260000$ovviXS6JLV5onAQC$d27410248f95a8064be6954131f0728fbee4d468758678b8246cc00bf29fe55c"
"413","rhiggins@gmail.com","Alice","Duncan","688 Terry Ports
Maciaschester, TX 98641","pbkdf2:sha256:260000$LOEShLxhWWWgwTvp$d62871d14b9a5e0387966d5a7996525954f451206b4959616614d52a477721bf"
"414","james76@hotmail.com","Mary","Mckinney","9427 Rodney Course
West Tamara, VT 01885","pbkdf2:sha256:260000$f4far6urO6iPOZfi$454500accfe00c1cb2f9af4184753f7af98a157688de5c1e43d41872c1e09c9e"
"415","lcruz@hotmail.com","Alison","Miller","075 Randy Extension
Port Soniamouth, MN 97820","pbkdf2:sha256:260000$wRyAyn4P5bFRAUFe$a94f33d6a49d7207b6f4d50ad94c662337675367ac25291dab398ce37a4f15f1"
"416","ballmary@gmail.com","Jimmy","Nixon","754 Robert Forks Suite 487
New Jeffrey, CT 36792","pbkdf2:sha256:260000$7RVjN5XlRMyeTYuS$1aef5c2b279a76bc34aac018d214d27b07ea0dd13b2aa22fa7f9f05ef05d25f9"
"417","tatejames@yahoo.com","John","Johnson","0017 Michael Crescent Suite 268
Lake Kaitlyntown, GA 19602","pbkdf2:sha256:260000$Iimnyb0jBGM4AMQ3$7bcd4ef144c3c92685737f6810a5a5237bda87469a2f924865cb7a049da062ca"
"418","petersonvalerie@yahoo.com","Crystal","Wells","1329 Benjamin Village Suite 633
Longshire, ID 63676","pbkdf2:sha256:260000$8QLInvEWHKvjPjjz$a6858a84f47ee3ac944980f2127bbf19c88d6a352603b74861c9a7adc097d6e5"
"419","mariabryant@gmail.com","Thomas","Richardson","55194 Amy Roads
Pottsburgh, GA 61139","pbkdf2:sha256:260000$2eoqYeAeybX22647$295b3a49e274bae25edecd92f81b5954b9030a352ab1ecb141244b7a2bb18760"
"420","gdawson@hotmail.com","Steven","Lyons","16575 Rebecca Trafficway
New Alex, KS 85720","pbkdf2:sha256:260000$EvHLGhHwRbxIhZk2$4c8588ce3bec9085e81282ccc0a10c2acbe50010fcfc6c3eaeace5920654877b"
"421","amberhart@gmail.com","Elizabeth","Schmitt","425 Newton Ramp
Port Tiffanyton, ME 39667","pbkdf2:sha256:260000$f3V8K33zFa1OQYh8$d84d96bfac767bae6bf4bce3c05f3d58cd1daac05b07361a56383f75d36ace66"
"422","laurenclark@gmail.com","Jeffrey","Brown","57638 Benjamin Wall
Porterfurt, NE 41837","pbkdf2:sha256:260000$OyPiKIpD7oEl0VPo$b52f68478e70dc327578dfbf3c707fe5d27d2ee948cf6bf4f566891706bf999d"
"423","gomezalyssa@yahoo.com","Michelle","Kelly","77726 Colton Place
Stevenland, NH 39777","pbkdf2:sha256:260000$973rp0XANZpRom2z$37d1a0ef10978f670ec57368db87751be3c9219df00300eb0db46c082daf45fc"
"424","howardryan@gmail.com","Melissa","Ibarra","5478 Raymond Forges Apt. 356
Christopherberg, MD 85844","pbkdf2:sha256:260000$AZQrXlhJb1J8vm4v$c3c4c3e2d462dfddb81df62076deae60a025845a80036c28a577e2fcb3bc9418"
"425","jhardy@gmail.com","Phillip","Knapp","163 Cervantes Dale Apt. 272
Johnnyfurt, SD 84156","pbkdf2:sha256:260000$GGpetew2DGeWFb4D$98d12b7f2678c99113f08f337b58be595a08d4f58302de740c2f6bd25458571f"
"426","marysoto@yahoo.com","Miguel","Carney","003 Jackson Pine Suite 476
Port Brandon, DC 05113","pbkdf2:sha256:260000$ZzRYlqfeKGW4eEwR$e473bfc2902db3be36f5bc9290b770f497e76fd7c9fc56194522e39256414fd5"
"427","richard89@hotmail.com","Roger","Cook","595 Courtney Ford Apt. 788
Lake Dawnstad, ND 30008","pbkdf2:sha256:260000$koHqCbdmZuo19jXr$40b7926bcb464dd8b1f50be3e53814c97e94d6d0de520a0b913b7bd9d89628eb"
"428","loganrichards@yahoo.com","Michele","Lee","3957 Byrd Lights Suite 329
Michelleland, AR 92240","pbkdf2:sha256:260000$LPjrOIveAY99LIGn$79d2aa81a1d15f79687a2d1ddfb0665fcdcd9f163d30497c67f9f15587106feb"
"429","kenneth46@yahoo.com","Cory","Brewer","123 Nathaniel Plains
Stevenshire, NM 75585","pbkdf2:sha256:260000$xhbENTIWtvOwX1Xw$51d8714aa744226052fbcbf34912c6218080ee92b2ce673203937d425c4c5d2e"
"430","robertwalker@yahoo.com","Evan","Myers","34358 Dustin Junctions Suite 119
Jamieburgh, ME 81056","pbkdf2:sha256:260000$kmwbMbTOXhiF9LSD$757a6fb60285f32b848f96874ab737464765d1a55da7d02c9cc1d3ceaf3cfb3b"
"431","hrodgers@hotmail.com","Megan","Mitchell","29957 Gregory Cliffs
East Jackie, SD 28623","pbkdf2:sha256:260000$Y3xK02Y92IpXvah3$59ca82670f8da138be9918792706ae61d0b7be054aad9298e46a5df2e6afc2cb"
"432","davenportsandra@yahoo.com","Mike","Mcdowell","63339 Olson Flats
Duartemouth, ME 56065","pbkdf2:sha256:260000$B4v8VtqhAKvKi4Tj$f2d95f99d81f7ad4d71f8721bd4c71819927a4c3571372ba4706697d6cab6121"
"433","renee98@yahoo.com","Mary","Rose","PSC 7951, Box 3984
APO AP 07886","pbkdf2:sha256:260000$jzWpzBQjf93xAkfq$0be1e2e1eaffa82d989c84c1f659202c4dc8bfd0450eca5a01ee58e06b4763fc"
"434","elizabeth26@yahoo.com","Glenn","Watson","013 Fernandez Prairie
East Josephville, SD 56421","pbkdf2:sha256:260000$38ZAn3WIQm7zyqGR$c86e428f8041230d91c7fd35d08f7e0f56919c14a4eaa28e4b20456629f18989"
"435","wolfethomas@gmail.com","Mark","Powell","57952 Jimenez Island Suite 728
Lake Alexandramouth, ND 88330","pbkdf2:sha256:260000$Y5ubKLFlslIsPDtZ$0306aec4356abcdade1dddfe17ead498a4e183dd9ba3e93d37d5e77eb54fbfa4"
"436","anna46@hotmail.com","Wanda","Stephenson","438 Mercer Bridge
Ritamouth, MA 84117","pbkdf2:sha256:260000$0uQ0diHJ8VxvqKtA$ca8be941b222b5f51cee43da11a2733a58c470d66bd63b08fe2b90e351d7aa9b"
"437","hwilliams@yahoo.com","Anthony","Parker","100 Camacho Mills Suite 095
South Reneeport, DC 42763","pbkdf2:sha256:260000$np2sw3ZtEmT4Ep9c$838a6ba1d8caa70a25b2619c39dd92b2e85529cf2cce4dbe6e039840b0233b25"
"438","vincentturner@hotmail.com","Alyssa","Hendrix","PSC 4210, Box 7722
APO AA 97806","pbkdf2:sha256:260000$g2NyITyXsGJLh1Yb$da3b3d949cb540cd955d583dd98c4851d3784d3acb5c930037e7aa6e04d09951"
"439","melissaking@gmail.com","Jessica","Lambert","62710 Miller Ways
West Robert, FL 91857","pbkdf2:sha256:260000$b5LRJz2XayDwcLoC$c4c95e2f8f679372070810cc27484fb9470b5df51b22640b112735d93b54892c"
"440","ghuffman@yahoo.com","Wendy","Klein","Unit 5590 Box 2880
DPO AE 68664","pbkdf2:sha256:260000$nNJ5091ImzhVA0LM$76cb0f1b3ae131ed6f683e4f9975e0ea94380fad9f78473dec9e8a1c24dfc7ec"
"441","barrettheather@hotmail.com","Matthew","Jackson","5081 Martinez Shores
New Rhonda, AR 13649","pbkdf2:sha256:260000$A7r808xthUcdsHsd$19d7916f9d810693789a387a7cb7ee5e5addf69f1de446f967ee1615356756d3"
"442","qharrell@gmail.com","Robert","Hall","238 Davis Island
West Barbarafurt, GA 41993","pbkdf2:sha256:260000$ocMVbmBrTAsDHCEo$a6d1bce9b049238d7ac99f7e95853bb077e74cc156a2eda71c86368a531fb645"
"443","amandagarner@gmail.com","Amy","Nielsen","589 Heather Radial
East Michaelbury, WI 90659","pbkdf2:sha256:260000$IFixi7ybrwFhJOMd$d77f0f6a28c93469dfdc1b7794abb488e8d8c9865904c5960b9191952e118bdb"
"444","xlevy@gmail.com","Ryan","King","21025 Jimenez Island Suite 438
Port Michael, KS 78105","pbkdf2:sha256:260000$rzY8wzTN26X7E8gr$f9391a0e96668475341f5b45610df6e7d8089d37242b9ad37056a5a0390d6e99"
"445","carolinecooley@gmail.com","Cindy","Vaughn","992 Daniel Tunnel
Lake Ericbury, UT 61277","pbkdf2:sha256:260000$BW9w9cGt9XpF9cPv$9b960bd38c3deb37bf0309a178a316fe38b95fbeacaec6399c87c5eb098baad4"
"446","jonathanthompson@hotmail.com","Shannon","Dixon","537 Norton Parks Suite 192
East Carrie, RI 68320","pbkdf2:sha256:260000$36Xde8hxKQ7Ya3KD$7552aa1eb58e1dc42aab86968fb04dc3277580898ef82e06c106cb0f2bbf74da"
"447","craig52@hotmail.com","Phillip","Keller","5113 Thomas Course
South Stephenhaven, AZ 01009","pbkdf2:sha256:260000$ie3Yv3Irdw3sc1P3$b10527eeaafb466a111b511b1ad1bc7bc283de3003213f190e860e9d9d22893e"
"448","ronald26@yahoo.com","Gary","Pace","74837 Cole Branch Apt. 448
Erikaport, CT 39959","pbkdf2:sha256:260000$XSfeE0h9lZX9BNfP$29203e3d95ca9a5fb776590a68a63d68688d92e88d0341479ad49d919bdd8a07"
"449","campbellstephanie@yahoo.com","Curtis","DDS","1621 Aaron Stravenue
Port Sheilastad, ND 49290","pbkdf2:sha256:260000$VWQPtnLgFcuZV8qH$11e994d77e76008d351c435968ac4accda728f3f21cb1094a3defd0c331b2481"
"450","mshelton@yahoo.com","Mr.","Jr.","847 Stephanie Creek
Brownfort, NJ 61842","pbkdf2:sha256:260000$FuxAqnvBbyk9hiOn$51dc9355d0b7d9c7e43954665ea2c948ea94e4a3c07626df0bcdb413e42648a8"
"451","kgray@hotmail.com","Joshua","Nguyen","405 Mclaughlin Rapid Apt. 610
North Danielleville, CT 06955","pbkdf2:sha256:260000$utaI98nAWoleGXnP$55d597656a5143aca1d5aaee53bed905415da715f8b0566ebc05cd8e5d5f4462"
"452","cooperrachel@yahoo.com","Gilbert","Jackson","33401 Amy Haven
New Julie, RI 92233","pbkdf2:sha256:260000$Hhi6JM2WFw0GwGvn$9e7cf3cf29bbed463b211e0aa9693986d0c95faf1f32df27c9d0533d3765a95e"
"453","nwalker@hotmail.com","Rachael","Ford","63195 Matthew Junction
East Kimberly, WI 13656","pbkdf2:sha256:260000$A1543lR6dunG19sM$1c86606073eaee7a9a91359466cf816ab505992ce3f3a07139fda91957362c6c"
"454","zho@hotmail.com","Brittney","Castillo","600 Mason Squares Suite 339
Christinamouth, NJ 70067","pbkdf2:sha256:260000$RAQwk8yuXlQASR1l$9dc00ec2076e50888a724e3c7a41039ac678b6098eba5f3f635c7e04d5fe88ff"
"455","bowenlori@hotmail.com","Erica","King","03527 White Drives Suite 193
Wardton, ID 81272","pbkdf2:sha256:260000$DM5zQvKzO1tNP14O$474711105c1e8edb4848e57e58b84e8f445242f4a385d0d51c2fbd42bba84dab"
"456","john64@gmail.com","John","Frank","92088 Nixon Junctions
Austinport, IL 53147","pbkdf2:sha256:260000$Kbf9jLgtc1cjxeBU$3225296c1e52d1c12cf99e43c4c88f14c0fbcdc2e2c28a01c0ff84439d2c8415"
"457","rsmith@yahoo.com","Miguel","Soto","289 Nelson Greens
Michaeltown, AK 60544","pbkdf2:sha256:260000$ExdN0gecm48msWnt$cf6c38bfc9a13f628dd83d8c778022885c9ef1fd989537baec1ec67ac9947c9d"
"458","alejandra42@yahoo.com","Matthew","Cain","Unit 9534 Box 1650
DPO AA 09662","pbkdf2:sha256:260000$tdH54ltMxhc6ZYU0$98d8c9f407b879469764fbfe4762978ee5b0467a0ab62493b4b10cba3b3c6b6a"
"459","marycarroll@gmail.com","Julie","Guerrero","USS Green
FPO AE 66911","pbkdf2:sha256:260000$uB2PkeOgGb5kDyef$8fa93d7c67bde0cea633efa7f13863b2c21d85b3a8c2efbf12f1bc250f2ba64e"
"460","mwatson@yahoo.com","Shannon","Franklin","4054 Cox Turnpike
Jonesfort, IN 57416","pbkdf2:sha256:260000$3RBml8zdzRg7IYme$6c8d8e6556dd70d608ca0bc4282e71f2223c2d5173288735f229e402d3376545"
"461","xwells@hotmail.com","Vanessa","Smith","USNS French
FPO AA 46958","pbkdf2:sha256:260000$5XjLc6nAdBgaTxL1$01ab0fddf230316f4b0c1acbf11010e9541407bf18609a2146c58fe59792df38"
"462","jasonperez@hotmail.com","Darren","Buchanan","23050 Jordan Way
East Jason, VA 45812","pbkdf2:sha256:260000$uCakQ6m7WpMAvVGk$18da661584548a24bde3a3af3b6b54513918295908bf1ace32cfc05d446abd50"
"463","andrewmann@hotmail.com","Shannon","Wright","421 Ariel Trail Apt. 610
North Kevin, MS 95404","pbkdf2:sha256:260000$vg3qx3T8XHpAkS6P$77dad66749ebf65db28d3aa2bd3e25431edfafa92dd057b6f0b0e50b7490bc93"
"464","lharris@yahoo.com","Edward","Jackson","4015 Seth Crescent
South David, FL 39459","pbkdf2:sha256:260000$2O3gmx75fb3O45SD$003b30de4a01c7f665e780565afdf6aa2b52bc2a7726e255ab689065ea7b482d"
"465","cynthia75@hotmail.com","Roy","Nichols","691 Kevin Gateway
Port Chelseafurt, MN 13323","pbkdf2:sha256:260000$sqX9XAoIIW3BZI5n$9b83afa1e8e3d15c97eecd485850fad0de2f6c3a9c7bd4d65cb13f00f7c59124"
"466","james44@yahoo.com","Amy","Barrett","78679 Marshall Crest Suite 215
Christopherland, WY 35781","pbkdf2:sha256:260000$q5S1Nz8n8qH1Cw8w$bf111759e8bcfdfb39087c37ab7262e95b30e45db6c76554e86293865e3604ef"
"467","bridgesjames@yahoo.com","Joseph","Rogers","468 Clark Junction
Castilloberg, ND 52509","pbkdf2:sha256:260000$mNdf2HEQyGPIQoVo$d168bd338e15f19c910dd4b205a3f981590ad502bbe1f094f0d24e67458ee2a6"
"468","brianphillips@hotmail.com","David","Bishop","0358 Mcconnell Causeway
Leonburgh, MN 90747","pbkdf2:sha256:260000$e5CVgrdnaT76Z2Zf$ae377d9a7befa4717fb47ff7dac7b30f2f96ca43a18846c14c84cef2f02a713b"
"469","elizabeth75@yahoo.com","Gina","Golden","5475 Ellen Ridges Suite 656
West Christina, AL 02400","pbkdf2:sha256:260000$n4rwcS5x9ejekCRe$1cd306586c989067ea37ca777b8eb0bd278a5a2462cb5f204f413e1fdab0b717"
"470","usmith@yahoo.com","Jason","Young","142 Matthew Brook Suite 282
West Toddton, MA 26610","pbkdf2:sha256:260000$xLhwv1apVnPMizKb$65360a541c8b14bc6ac1359c8b0f7719ae495829393bc030c8210faab5ad1ef6"
"471","rebecca30@hotmail.com","Joseph","Hicks","Unit 2215 Box 6025
DPO AP 43924","pbkdf2:sha256:260000$OOt0GF3cyyeJR4sN$77be8e92f9799b79ca333c104ec5a024e4b07c20557a1b2a0dfa647cf809614a"
"472","prodriguez@yahoo.com","Matthew","Kelly","Unit 3982 Box 0675
DPO AE 94233","pbkdf2:sha256:260000$QkHUaIRYowGut59W$cde3fda54c1574643d105627d7f07f2377fe2a6bf39dcdef391115beebeaa08f"
"473","orozcovanessa@yahoo.com","Christopher","Foster","320 Erin Mount Apt. 880
Kyleville, AK 22609","pbkdf2:sha256:260000$so5QTQ0Jhxnrd3JD$68ca63b1439557da72d7537ee8f9f31a17816db57370b65ad63edd851886d1e0"
"474","randall01@hotmail.com","Mark","Lopez","29736 Williams Stream Apt. 701
Brendaborough, MI 41994","pbkdf2:sha256:260000$2ouHEof570x3yVep$1c64b5146d81ce1539b4e131327d79df27f5bbc15b3cb105acd25a2f970b4d80"
"475","jameskatelyn@gmail.com","Brooke","Dixon","9360 Brooke Prairie
Spencemouth, NH 49972","pbkdf2:sha256:260000$r5mb6VFJZs37ravH$a94593663d98df6a8fc59813dfe768947cb6514ea9ac2ca35bb826841f3afef5"
"476","kylejackson@hotmail.com","Steven","Ellis","3337 Joshua Forks Apt. 026
Jamieborough, FL 13637","pbkdf2:sha256:260000$k1pw6JSPznp1GIDq$b018676a10bdb4725dfd203d527e3dd48a8ee802f8ee6c6cd16017fc0ff3d350"
"477","erinpowers@yahoo.com","Tyler","Waters","402 Darren Stravenue Apt. 841
Lake Elizabethborough, TX 34322","pbkdf2:sha256:260000$GghoDWkHdkuxhxOI$a4d2cf0e7d96ad06bb9c6124707aa37a1ff2f0f769f5d99513175b5689833ce8"
"478","kylewood@gmail.com","Jonathan","Horton","438 Palmer Courts
North Brittney, NV 83201","pbkdf2:sha256:260000$ebkWaEhWtHA4WEl7$a9fc76379a1ce55bb5bc6a055bf97667b04b1e1c1de3ab062a6a8b8b550b3631"
"479","heather06@yahoo.com","James","Evans","597 Carla Orchard Suite 339
Avilahaven, AR 95333","pbkdf2:sha256:260000$cgsCZdWlMlsbQNfp$7435f02999db78616508a0248b8d948aa4bec322b98c9d43072fcff92d9f03d3"
"480","bobbyfrank@hotmail.com","Michael","Thompson","783 Nguyen Spring
South Laurabury, IL 85341","pbkdf2:sha256:260000$ue6AW5sLH4kygnjZ$40fa071518c0ea46f09651c381455beb6817c6976cc09d4715c426557ce4c61d"
"481","amandacole@gmail.com","Sandra","Charles","17025 Matthew Canyon Apt. 178
Johnville, WV 49727","pbkdf2:sha256:260000$30MHMb4GPtzo8jdl$df709c0e560af76f042892de3db40da9e62d34e808b610ee33ab65a3fdd35ffe"
"482","donald30@yahoo.com","David","Allen","3809 Skinner Station Apt. 909
North Antoniostad, NE 65513","pbkdf2:sha256:260000$aVRiwmuopFOjuYhA$666112ea458add84f4630df2f17e435e58ef7ecff96eb3cb3719d0a574ef4d13"
"483","rushgregory@hotmail.com","Jose","Adams","16253 Robert Locks
Lisaland, ME 68330","pbkdf2:sha256:260000$EqqTKdnZVodt3X5m$0e1543f2acef3bfefbba2a652b3f46d17edc016271e14ff2e2b2ab3a7d4e98f8"
"484","dlopez@gmail.com","Dana","Park","88852 Martin Roads
Alanberg, ME 43894","pbkdf2:sha256:260000$zadaq1vgITEnrnoG$dd09b80ff6df4bff650df07079356eda4c9c50319ace40b8ad1cd862434e2acd"
"485","parkerpatrick@yahoo.com","Dawn","Deleon","786 Gray Throughway Suite 454
North Charles, MO 49288","pbkdf2:sha256:260000$W0gOsZbuSmMSSXwS$f7295220338779a681a612d973c1a59928f9f70d3fa045490cf0fd2b2a266fb4"
"486","jwhite@hotmail.com","Ronnie","Williams","02927 Mccarthy Club Apt. 707
Karentown, SD 68994","pbkdf2:sha256:260000$JRg1MIvVbGowT05J$61a8f61bb4a2049b9f481c99857d745f7d6c16f220bb134429a19457d4ebbf9b"
"487","hmoran@gmail.com","James","Bryant","9025 Brennan Summit
Port Jack, ID 18435","pbkdf2:sha256:260000$5dynkrva2tTIKtNq$1c2eddf20ae0cfffce76db7863c7738ce0924b326c194480c77131433b458bc8"
"488","luke01@gmail.com","Taylor","Cannon","70738 Jack Pine Suite 466
Reidland, MN 77189","pbkdf2:sha256:260000$p6OUg7que2nwgEcY$75563fc74a51c76158b3f5b09b5640381772c9ff280f8c1b37beb2c1bf2bf377"
"489","burnettanthony@gmail.com","Ashley","Zimmerman","535 Todd Ways Apt. 079
West Joshua, TN 78609","pbkdf2:sha256:260000$3WEarkNK4puf0mi8$801f956acfdf098e327abe21e734f7e23d2a7e47ae6770d4d09c3d563a275a46"
"490","mary14@yahoo.com","Joshua","Weber","961 Scott Vista
Melissaland, KS 31027","pbkdf2:sha256:260000$Mjn1yuSiYPyn1QYp$fa890d4f2f68ab99bf93404e095ab10ac7da6e8d854ade0f1626c197f0850bfc"
"491","donnadixon@yahoo.com","Lori","Perry","4897 Beverly Summit Apt. 696
East Kristytown, WY 73685","pbkdf2:sha256:260000$kN7WQFj5iKCmm7Wk$33f292712580275bcb987c9593f1f144df648dea634d8553ee222e3bbfaad476"
"492","irobertson@hotmail.com","Rebecca","Adams","99586 Beverly Mission Suite 013
Port Davidfort, RI 79986","pbkdf2:sha256:260000$DCFnNwGNvyXIcuLO$98e85e0304f2830d9eab7c9c87048f734ac3d804b8d4621c4f3ed818812123fc"
"493","ruthpowers@hotmail.com","Jonathan","DDS","54144 Landry Ports
New Michael, NJ 39951","pbkdf2:sha256:260000$iDONZ3eJL0GdJysY$77c2fc72d9c6639fc4c319f761ef6a14da0dc7f873a3182da807e8faeb262bf5"
"494","zgoodman@yahoo.com","Carolyn","Wilson","35416 House Crescent
New Jeremy, IL 53185","pbkdf2:sha256:260000$rl2uBUNPIeWHBfQZ$52b5d164e4d86c34b245ae0660ff4852da08af52f1342123f906ed23a5e76805"
"495","derrickstrong@yahoo.com","Kenneth","Garcia","678 Jennifer Lakes Apt. 139
East Sarahton, ND 90311","pbkdf2:sha256:260000$aaM5sVa5pDd3EFsO$f503149e7f41b1c7625fa01361ec168aa6ea00b8101bbaca4ebf88af459b7ee8"
"496","pam74@gmail.com","Jose","Taylor","7016 Greg Greens Suite 082
South Johnstad, AK 70664","pbkdf2:sha256:260000$46sFHird6zjouQtD$8c0589f8cb71344af691ae4257b912fca3db1ce82c5caafd43d57ad1790ab81f"
"497","gainesalan@gmail.com","Christine","Mayer","3527 Boyd Way
Larsenview, TN 27150","pbkdf2:sha256:260000$gi47fHPGzRDQFAQ0$4fb9e4c9b45e9eeb764c04191a7a6954438d64ac286f6cd8dd760d8a1403f087"
"498","phenderson@yahoo.com","Marc","DDS","5425 Phillips Cove
Samanthaport, NC 39925","pbkdf2:sha256:260000$Gfk0SsbIWsbhuaPw$ce790041c4bf6ecde5a1cb6687af91f4c1dd19c83d448f215c894e69fea8a246"
"499","brian44@yahoo.com","Mary","Maldonado","8530 Mary Ramp Apt. 746
New Russell, SD 31698","pbkdf2:sha256:260000$H2yoep420gU1H3WI$86bf42c5e47f07fb2da9fe3d73c7386a3c39049f163b661dc465ede528c29e1b"
